id,content
1,"쿠팡체험단 이벤트로 상품을 무료 제공받아 작성한 리뷰입니다.

1. 이것저것 따로따로 챙길 필요없이 요거 하루 한개면 필수영양성분 골고루 섭취 가능해서 너무 좋습니다.
워낙 이 영양제 좋다고 유명해서 저번에도 저희신랑 사서 드시게 챙겨드렸었는데 이번에 좋은 기회로 30일치 살 수있게 되어 너무 기뻤답니다.
✔️항산화,뼈건강,정상적인 면역기능,피부형성,눈건강,혈액생성,엽산 대사,근육 기능 유지,산화-환원 효소의 활성,탄수화물,지방,단백질대사,에너지 까지 한번에 챙길수 있는 믿음직한 영양제

2. 저희 신랑이 알약 사이즈가 너무 크고 갯수가 많으면 먹기 불편한데 요건 알약 사이즈가 작아서 먹기 편하다고 합니다.
그리고 너무 쓰거나 하면 잘 안먹게 되는데 요건 액상도 딱 용량도 적당히 좋고 해서 회사에서도 하루 한개씩 간편히 잘 챙겨드신다고 했습니다.

3. 저희 신랑이 집과 회사의 거리가 되는관계로 출퇴근시 장거리 운전을 하시는데 지난 열흘 이상 드셔본 결과 아침에 확실히 자고 일어나서 피로가 덜하고 활력도 생기는것 같다 하더라구요.
한달 꾸준히 드시면 확실히 체력향상에 효과가 좋을듯 합니다.

4. 특히 바쁜 현대인, 직장인 및 수험생들, 면역력 떨어진 분들과 다이어트하느라 영양섭취가 제한적인 분들은 이거 하루 하나씩 꾸준히 드시기 간편하고 특히 한국인 라이프 스타일을 고려해서 영양성분을 과학적으로 배합했다고 하니 건강 챙기기 너무 좋아보입니다.

5.한손에 쏙 들어오는 슬림한 사이즈로 간편히 가방속에 챙겨 다니며 먹기 좋은것 같습니다. 영양제도 이것저것 갯수 많이먹다보면 사실 챙기기도 어려워지고 꾸준히 섭취하기가 좀 어려운데 요건 딱 한병이라 꾸준히 섭취하기 좋아보입니다."
2,"기존에 잘 챙겨먹는 종합비타민이 있긴한데 기온이 오락가락 환절기이기도하고 몸이 으슬으슬한게 면역력을 확 끌어올려야겠다 싶어서 일주일간 바짝 부스트해주면서 집중케어 할수있는 그 뭔가가 필요했었는데..

요즘 SNS에서 자주보이는 이뮨샷 액상비타민 제품들이 눈에 들어오더라구요

그래서 가성비 좋은 뉴트리포유 제품으로 쉬운선택해보았어요

익일배송된 녀석을 받아들고 패키지 뒷면에 프린팅된 문구를 보니

● 빨간 연성캡슐 : 비타민B2 / 비타민D / 비타민E / 비타민A / 구리 / 철 / 베타카로틴
● 노란 정제캡슐 : 비타민C / 비타민B12 / 비타민K / 판토텐산 / 비오틴 / 엽산 / 크롬 / 몰리브덴 / 망간 / 마그네슘
● 액상캡슐 : 비타민B1 / 비타민B6 / 나이아신 / 셀레늄 / 아연
총 22종 영양성분이 담긴 멀티비타민 재질로 액상과 정제캡술을 하루에 한번 올인원으로 복용하면 된다고 안내되어있었네요

누구나 맛있게 먹을 수 있는 오렌지 맛으로 고함량의 수용성 비타민을 그득그득 넣었는지 살짝 점도가 있는 액체포션이 꽤 독특했어요
알약형태의 캡슐 비타민 두종은 목넘김이 쉬워서 간편하게 흡입 성공적♡
마크획득에 + 세계적인 DSM사의 원료를 사용했고 + 국내에서 제조하니까 안심하고 믿고먹을수있는 예감
무엇보다 컴팩트해서 가지고 다니기에도 좋고 은근 고급스럽기에 센스있게 선물하기에도 안성맞춤이네요

쿠팡체험단 이벤트로 상품을 무료 제공받아 작성한 리뷰입니다."
3,"쿠팡체험단 이벤트로 상품을 무료 제공받아 작성한 리뷰입니다.

안녕하세요! 뉴트리포유 듀얼 이뮨 멀티 비타민 미네랄에 대한 리뷰를 작성해드릴게요.

이 제품을 사용해본 경험을 바탕으로 솔직하게 말씀드릴게요.

먼저, 패키징부터 이야기해볼까요? 7회분으로 구성된 이 제품은 일주일 동안 매일 섭취할 수 있도록 개별 포장되어 있어요.

깔끔하고 심플한 디자인이 마음에 들어요.

특히, 휴대하기 편리해서 여행이나 출장을 갈 때도 간편하게 챙길 수 있다는 점이 큰 장점이에요.

이 제품의 가장 큰 장점은 바로 듀얼 이뮨 시스템이에요.

면역력을 강화해주는 다양한 비타민과 미네랄이 함유되어 있어서, 일상 생활에서 부족하기 쉬운 영양소를 채워줄 수 있어요.

특히, 비타민 C와 D, 아연 등이 포함되어 있어 면역력 증진에 도움을 줄 수 있답니다.

저는 평소에 비타민을 챙겨 먹지 않아서 면역력이 약한 편인데, 이 제품을 섭취한 후로는 감기나 피로가 덜 느껴지는 것 같아서 만족스러웠어요.

섭취 방법도 간단해요.

하루에 한 포씩 물과 함께 섭취하면 되는데요, 맛도 상큼하고 먹기 편해서 매일 꾸준히 섭취할 수 있었어요.

하루를 시작하면서 필요한 영양소를 채워주니 기분도 좋아지고, 하루 종일 활력이 넘치는 느낌이 들었어요.

또한, 이 제품은 다양한 비타민과 미네랄이 균형 있게 함유되어 있어서 종합적인 건강 관리에 도움을 줄 수 있다는 점이 큰 장점이에요.

단순히 면역력 강화뿐만 아니라, 피부 건강, 에너지 증진, 스트레스 완화 등 여러 가지 효과를 기대할 수 있어요.

저는 피부가 예민한 편인데, 이 제품을 섭취한 후로는 피부 트러블이 줄어들고, 피부 톤이 밝아지는 것을 느낄 수 있었어요.

가격대도 합리적이라서 부담 없이 구매할 수 있는 점도 큰 장점이에요.

요즘 같은 시기에 가성비 좋은 제품을 찾기 힘든데, 뉴트리포유 듀얼 이뮨 멀티 비타민 미네랄은 가격 대비 성능이 뛰어나서 정말 추천드리고 싶어요.

총평을 하자면, 뉴트리포유 듀얼 이뮨 멀티 비타민 미네랄은 면역력 강화와 종합적인 건강 관리에 도움을 주는 뛰어난 제품이에요.

간편한 섭취 방법, 다양한 영양소 함유, 합리적인 가격까지 모든 면에서 만족스러운 제품이랍니다.

건강을 챙기고 싶으신 분들이라면 한 번 사용해보시길 권해드려요.

사용해보시면 왜 많은 사람들이 이 제품을 추천하는지 알게 되실 거예요!

이상으로 뉴트리포유 듀얼 이뮨 멀티 비타민 미네랄에 대한 리뷰를 마치겠습니다.

도움이 되셨길 바라며, 건강 잘 챙기시고 항상 활기찬 하루 보내세요!"
4,"쿠팡체험단 이벤트로 상품을 무료 제공받아 작성한 리뷰입니다.
편하게 챙겨먹을 수 있는 뉴트리포유 듀얼 이뮨 멀티 비타민을 보고 바로 선택하여 먹어봤어요.
액상과 정제, 캡슐까지 한번에 섭취할 수 있어서 출근길은 물론이고 어디에서나 가볍게 들고 다니며 챙겨먹고 있어요.
13종의 비타민, 8종 미네랄, 베타카로틴까지 총 22종 영양 성분을 올인원으로 섭취 가능한데 오렌지 맛으로 상큼한 액상과 목넘김이 편한 사이즈의 정제, 캡슐로 구성되어 있어서 어디서나 부담 없이 먹기 좋네요.
안전하게 엄선된 원료로 검증된 제조시설에서 생산한 영양제여서 믿고 먹을 수 있는데 물이 없어도 어디서나 간편히 1일 1회로 액상과 섭취 가능해요.
빈 속에 비타민을 먹으면 두통이 오는 경우가 많았는데 출근길 아침 빈속에 먹어도 자극없었고 확실히 아침에 먹으니 피곤함이 덜하고 에너지가 있네요.
식습관이 불규칙하고 많이 피곤해서 건강이 걱정되었는데 올인원으로 1일 기준치에 맞게 설계되어 있고 수용성비타민도 고함량으로 함유되어 있어 더 마음에 들었어요.
30회분의 가성비가 좋았는데 이것저것 챙겨먹기 귀찮을 때 먹기 좋아서 다 먹으면 계속 구매하며 체력,관리할 예정입니다.
* 안전한 DSM사 원료 사용하여 국내 최대 제조시설에서 생산
-> 비타민이나 영양제를 챙겨먹기 귀찮거나 체력이 부족할 때 편하게 챙겨먹을 수 있어서 요즘 매일 먹고 있어요.
위가 예민해서 빈속에 영양제를 챙겨먹지 못했는데 아침 출근길에 먹어도 불편함이 전혀 없고 오히려 체력 충전이 되어 몸이 가벼워 좋네요.
고급스러운 포장에 목넘김이 좋은 올인원 영양제여서 선물로 줘도 괜찮겠어요.
피로회복 영양제로 가볍게 챙겨먹기 좋아서 다 먹으면 재구매해서 꾸준히 챙겨먹을 예정입니다."
5,"쿠팡체험단 이벤트로 상품을 무료 제공받아 작성한 리뷰입니다.
✨ 구매 이유
평소에 비타민을 잘 챙겨 먹어야지 하면서도 매번 까먹고 지나치게 되더라고요. 알약을 따로 챙기고, 물도 준비해야 하는 게 은근 귀찮았는데, 이 제품은 마시는 타입이라 훨씬 간편하고, 무엇보다 뚜껑에 비타민 알약까지 같이 들어 있어서 한 번에 영양소를 챙길 수 있다는 점이 정말 마음에 들었어요. 따로 따로 챙길 필요 없이 한 병으로 끝낼 수 있다는 게 큰 장점인 것 같아요. 제품이 유명한 이유가 괜히 있는 게 아니더라고요. 한 번 써보니까 왜 다들 좋다고 하는지 확실히 느껴졌어요.
✨ 사용 후기
실제로 사용해보니까 정말 편하고 만족스러웠어요. 특히 아침에 시간이 없을 때나 외출 전에 빠르게 챙기기에 딱이에요. 그냥 병 하나 들고 나가면 되니까 번거로울 것도 없고, 무게도 가볍고 부피도 작아서 가방에 쏙 들어가더라고요. 디자인도 깔끔하고 세련된 편이라 책상 위에 올려놔도 전혀 부담 없어요. 맛도 생각보다 괜찮아서 거부감 없이 마실 수 있었고요. 무엇보다 유통기한이 넉넉해서 여러 개 사놓고 천천히 먹을 수 있는 점도 좋았어요. 한 번에 여러 개 구매해도 걱정 없다는 게 장점이더라고요.
✨ 좋았던 점
가장 좋았던 건 확실히 편리함이에요. 따로 알약 챙기고 물 마시고 그럴 필요 없이, 그냥 병 하나 열어서 마시고 뚜껑에 있는 알약만 먹으면 끝이라 너무 간단했어요. 바쁠 때도 이 제품 하나면 하루 필요한 영양을 어느 정도 채울 수 있어서 부담 없이 챙기게 되더라고요. 디자인도 고급스러워서 지인한테 선물용으로 주기에도 좋을 것 같아요. 포장도 예쁘게 잘 되어 있어서 건강 챙기라고 주면 센스 있어 보일 것 같고요. 그리고 유통기한이 길어서 당장 다 먹지 않더라도 천천히, 꾸준히 먹을 수 있는 점도 정말 만족스러웠어요.
✨ 편리함
바쁜 일상 속에서 건강 챙기는 게 쉽지 않은데, 이 제품은 정말 부담 없이 비타민을 섭취할 수 있게 도와줘요. 작고 가벼워서 회사 책상 서랍이나 가방에 하나쯤 넣어두기 좋고, 시간이 없을 때도 바로 꺼내서 마시기만 하면 되니까 진짜 간편하더라고요. 매일 챙겨 먹는 습관이 들게 해주는 제품이에요. 처음엔 일회성일까 걱정했는데 오히려 꾸준히 손이 가요.
✨ 총평
비타민이나 영양제 챙기는 걸 자꾸 잊거나 귀찮아하는 분들한테 이 제품 정말 추천하고 싶어요. 마시는 타입이라 거부감도 적고, 뚜껑에 들어 있는 알약까지 한 번에 먹을 수 있어서 간편하면서도 영양을 꽉 채울 수 있는 제품이에요. 디자인도 깔끔해서 선물하기에도 좋고, 유통기한도 길어서 미리 여러 개 사놔도 안심돼요. 무엇보다 부담 없이 꾸준히 건강 챙기기에 딱 좋아서 저도 다 먹고 나면 재구매하려고요!
[도움이 되셨다면 ‘도움이 돼요’ 한 번 눌러주시면 감사해요!]"
6,"쿠팡체험단 이벤트로 상품을 무료 제공받아 작성한 리뷰입니다.
구매 동기
✔️ 독일 제품을 꾸준히 먹다가  최근 속쓰림 이슈로 안먹었는데  쿠팡 체험단으로  체험해 볼수 있는 기회가 생겨서  먹어보게되었습니다
제품 구성 및 성분
✔️ 이 멀티비타민은 비타민 A, C, D, E와 B군 비타민, 그리고 아연, 셀레늄, 마그네슘 등의 미네랄을 함유하고 있습니다. 이러한 성분들은 면역 체계의 정상적인 기능을 지원하고, 항산화 작용을 통해 세포를 보호하며, 에너지 대사를 촉진합니다.
장점
✔️전반적인 피로감이 감소하고 활력이 증가한 것을 느꼈습니다. 특히 환절기에도 감기에 걸리지 않고 건강을 유지할 수 있었습니다. 물론 이러한 경험은 개인차가 있을 수 있으므로, 모든 사람에게 동일한 효과가 나타난다고 보장할 수는 없습니다.
결론
⭐️⭐️⭐️⭐️⭐️
일단  먹기쉬워 추천합니다 .
이뮨 멀티비타민은 바쁜 현대인들이 필수 영양소를 간편하게 섭취할 수 있도록 도와주는 유용한 제품입니다. 
도움이 되었다면  “도움이 되었어요 ”꾹부탁드려요"
7,"환절기 탓인지 이유없이 피로하고 무기력한 나날들을 보내던 찰나 좋은기회로 체험하게 되었어요.
평소엔 알약으로만 비타민을 섭취하고 있었는데 필요한 영양별로 알약 하나씩 꺼내서 먹는게 번거롭고 알약양도 많아 먹기 힘들었었는데요.
이 멀티 비타민 미네랄은 22종의 영양소를 액상&정제&캡슐을 단 한병에 담아 누구나 간편하게 섭취할 수 있게 만들었어요.
위에 마개를 열면 알약으로 두개가 들어있고 뚜껑을 돌리면 액상형 비타민이 담겨져있어요.
알약사이즈도 작아서 목넘김도 괜찮더라구요.
물없이 액상 비타민 만으로도 목넘김이 수월할 정도 였어요.
맛도 거부감없는 오렌지향으로 신랑이랑 둘이 한병 금방 마셨네요.
먹고나니 기분탓인지 눈이 번쩍 뜨이고 활력이 생기는거 같아요.
다 먹은 병은 분리수거 하기 쉽게 절취선도 있어 분리가 쉬었어요.
체력이 떨어지고 피로가 안풀릴 때 비타민 미네랄 한병으로 활력을 되찾으세요~^^
쿠팡체험단 이벤트로 상품을 무료 제공받아 작성한 리뷰입니다."
8,"#카야잼 #판다잼 #카야 #노슈가 #제로슈가 #저당
20대 중반 남자의 찐 후기입니다.
도움이 되신다면 리뷰 도움 꼭!!! 부탁드려요
✨제품설명및비교
운동을 요새 못하고 있어서 최근에 식이라도 조절 해야겠다 싶어서 알아보던중. 원래 예전부터 카야토스트를 좋아했는데 생각 보다 당류가 높아서 안 먹게 되었다가 다시 먹었는데.. 요새 다시 먹을 때 이런 노슈가 제품으로 바꿔보는 것부터 시작하면 좋겠다 싶었거든요. 웬걸 좋아하던 카야잼이 저당제품이 생기다니 신세계다 싶어서 바로 시켰어요!
✅장점
ㅁ 맛 : 잼 특성상 맛을 재현하기가 힘든데 이정도면 카야잼 특유의 향과 질감을 잘 살렸다 생각해요.
ㅁ 영양성분표 : 사진에 나와있듯이 탄수비율은 높으나 당류쪽이라도 아낄 수 있어서 다행인 거 같아요.
세줄요약
ㅁ 카야잼 이정도 퀄리티면 잘 구현한듯?
ㅁ 어떤 정도인지는 상세하게 써놓은 거 봐주시길 바람!
ㅁ 영양성분표 사진으로 찍어놨으니 참고바람!"
9,"쿠팡체험단 이벤트로 상품을 무료 제공받아 작성한 리뷰입니다.
✔️ 약이 작아서 굿, 간 영양에 굿
장점
- 목넘김 불편함 없음
- 하루한알
- 역한냄새 없음
- 케이스도 작아 보관/휴대 편리
- 밀크씨슬/비타민B3군 3종 한번에 섭취
- 실리마린 130mg 함유
- 아무때나 먹어도 됨
- 까스활명수가 유명한 부채표브랜드
✔️ 아이둘을 케어하다보니 요즘들어 체력적으로 많이 힘들다고 느껴 영양제를 더 추가해서 먹어야 겠다~~
생각하던 차에 좋은 기회에 상품을 받게 되었어요!
✔️ 아침에 일어났을 때 개운하지 않거나 피곤이 오래 지속되면 간이 지쳐있을 수 있다고 하네요!
✔️ 일단 통이 엄청 쪼꼬맣고 귀여워요 ~
알약을 잘 목먹는데 이 밀크씨슬은 약도 작고
냄새도 안나서 먹을 때 전허~~ 불편함이 없어요!
✔️ 밀크씨슬 외에도 바티민이 들어있어 복합적으로 영양을 관리 할 수 있다는 점이 맘에 들었어요
✔️ 밀크씨슬의 효능으로 정말 다양한 것들이 있는걸로 알고 있습니다~~ 그 중 제일 큰 효능은 항염효능입니다!!
✔️ 밀크씨슬 하면 간 건강 영양제라고 알고있지만 사실 여러 기능에 많은 도움을 준다는 걸 이번에 알았네요~ 신장 내 세포을 촉진시켜 투석 환자에게도 도움이 되며 몸에좋은 콜레스테롤 수치를 높혀 동맥경화증을 감소시키며 혈압을 낮추는 데 도움이 되어 심장건강에도움이 됩니다~ 또한 당뇨병 환자에게도 혈당조절을 향샹시킨다고 합니다~~
✔️ 지병이 있으신 분들은 주치의와 상의 후 영양제를 복용하는 것이 안전하겠지만 밀크씨슬은 위약과 비슷하게 부작용이 거의 없고 안전하다라는 축에 끼는 것 같습니다! 
✔️ 함량이나 가격, 브랜드 등 전반적인 내용에서는 평균이상의 영양제라 생각이 드네요
꾸준히 먹을 수 있는 가격과 성분이! 그리고 믿을 수 있는 브랜드! "
10,"쿠팡체험단 이벤트로 상품을 무료 제공받아 작성한 리뷰입니다.
이 제품은 간 건강을 위해 설계된 밀크씨슬 보충제로, 꾸준한 섭취를 통해 피로 완화와 건강 관리에 도움을 줄 수 있는 제품입니다.
1. 포장 및 구성
• 포장 상태: 캡슐이 깔끔하게 개별 포장되어 있어 휴대하기 편리했습니다. 상자도 견고하며, 내용물이 손상되지 않도록 잘 보호되어 있었습니다.
• 정제 크기: 정제의 크기가 적당하고 표면이 매끄러워, 물과 함께 섭취하기에 부담이 없었습니다.
• 휴대성: 소량씩 소지하기에도 적합한 사이즈로, 직장이나 여행 중에도 간편히 섭취할 수 있었습니다.
2. 효능 및 효과
• 간 건강 개선: 꾸준히 섭취한 후, 전반적인 피로감이 줄어들고 몸이 가벼워지는 느낌을 받았습니다. 특히, 잦은 야근이나 음주 후 피로 회복에 도움이 되는 것 같았습니다.
• 소화력 향상: 간 기능이 좋아지면서 속이 더 편안해진 느낌을 받았습니다.
• 성분의 신뢰성: 밀크씨슬 추출물(Silymarin)과 함께 간 건강에 유익한 성분들이 함유되어 있어 믿고 섭취할 수 있었습니다.
3. 섭취 편의성
• 섭취 주기: 하루 한두 알만 복용하면 되어 관리가 매우 간편했습니다.
• 맛과 향: 약 특유의 쓴맛이나 냄새가 거의 없어서 섭취가 수월했습니다.
• 복용법 안내: 패키지와 설명서에 복용 방법과 성분에 대해 명확히 안내되어 있어 초보자도 쉽게 이해할 수 있었습니다.
4. 장점
• 유명 제약사의 신뢰성: 동화약품이라는 브랜드에 대한 신뢰가 더해져 품질에 대한 걱정이 없었습니다.
• 효과적인 성분 배합: 밀크씨슬 외에도 간 건강에 유익한 추가 성분들이 포함되어 있어 복합적인 건강 관리가 가능했습니다.
• 합리적인 섭취 주기: 하루 한두 번 복용으로 충분해 꾸준히 섭취하기에 부담이 없었습니다.
5. 활용 팁
• 꾸준한 복용: 간 건강은 단기간에 개선되기 어렵기 때문에 매일 꾸준히 섭취하는 것이 중요합니다.
• 음주 전후 섭취: 음주 후 피로감을 줄이기 위해, 음주 전후에 섭취하면 좋습니다.
• 운동과 병행: 규칙적인 운동 및 건강한 식습관과 병행하면 더욱 효과적입니다.
7. 종합 평가
동화약품 케어랩 밀크씨슬 간 건강 케어는 간 건강 관리가 필요한 현대인에게 추천할 만한 보충제입니다. 명확한 복용법, 신뢰할 수 있는 성분, 그리고 꾸준히 섭취했을 때 느껴지는 피로 회복 효과가 특히 만족스러웠습니다. 바쁜 일상 속에서도 손쉽게 건강 관리를 할 수 있는 제품으로, 간 건강이 걱정되는 사람들에게 적합합니다.
• 추천 대상: 잦은 음주나 야근으로 간 건강이 걱정되는 사람, 피로감을 느끼는 직장인, 간 보조제를 찾고 있는 사람."
11,"쿠팡체험단 이벤트로 상품을 무료 제공받아 작성한 리뷰입니다.

⏺ 술 많이 드시는분들,피로하신분들 필수영양제!
밀크씨슬은 뭐 모르는분들 없으시죠?
다들 아시는 ✔간✔에 좋은 영양제예요ㅎㅎ
저처럼 술 많이드시고..숙취 심하시고..
피로도가 높은분들은 꾸준히 드시는게 좋은데요!
이번엔 안먹어봤던 동화약품 밀크씨슬 먹어보고있어요~
온국민이 아는 그 부채표 까쓰활명수 브랜드ㅋㅋ
간건강케어 영양제인데 요거 더 좋은점!
바로 ✔비타민 B군 3종 포함✔
비타민 1,2,6이 같이 들어가있어 체내 에너지,단백질
생성에 도움을 준다네요ㅎㅎㅎ
피로감 많이 느끼신다면 간이 진짜 중요하고
아미노산,에너지가 중요하잖아요?
요 간에 중요한 밀크씨슬 꾸준히 쭉 먹으려고합니다!

⏺ 하루 한알!작은 크기로 먹기 편해요~~
딱 하루에 한알 식탁옆에 두고 다른 영양제들과
한꺼번에 출근전 딱 털어넣으면 끝!ㅎㅎ
내 몸 챙기는 일이니 잘 챙겨야죠~
다른 영양제 세가지 같이먹다보니 알 큰게 부담스러운데
와~~알이 진짜 작아요ㅋㅋㅋ
저는 목구멍이 크지 않은터라...
알약 여러개 넘기다보면 걸리는일이 태반인데
진짜 알이 작아서 너무너무 좋습니다~~!!!
⭕ 매일 피로에 젖어계신분들!
식사 끼니마다 못챙겨드시는분들!
생기없고 힘없고 잠 잘 못주무시는분들!
저처럼 술독에 빠져 사는분들(^^;;)!
부채표 밀크씨슬 드셔보세용ㅎㅎㅎㅎㅎ
이 가격에 60정 두달치면 믿고먹는 부채표
사먹어볼만 하지 않겠어요?
꾸준히 먹어보고 꼭 재구매하렵니다~~
우리모두 간 건강 챙겨보아요❣

제품을 직접 먹어보고 솔직하게!열심히!
작성한 리뷰입니당!ㅎㅎ
구매하려는 분들께 작게나마 도움이 되었으면 좋겠어요!
⭐리뷰 보신 모든분들~~~
⭐좋은 구매 되시고,행복만 하시길~~~~~
⭐구매에 작은 도움이 되셨다면 '도움이됐어요' 눌러주세요!
⭐긴 글 읽어주셔서 감사합니다ㅎㅎㅎㅎㅎㅎ"
12,"최근 건강에 관심이 많아지면서 다양한 건강 보조 식품이 주목받고 있습니다. 그 중에서도 간 건강에 좋은 밀크씨슬 제품은 특히 많은 사랑을 받고 있는데요, 동화약품 케어랩 밀크씨슬 간 건강 케어 제품을 리뷰해 보았습니다.
특징
동화약품의 케어랩 밀크씨슬 간 건강 케어 제품은 고품질의 밀크씨슬 추출물을 사용하여 간 기능 개선에 도움을 주고, 다양한 비타민 B1, B2, B6와 미네랄이 함께 함유되어 전반적인 건강을 케어합니다.
주요 성분
순도 60%의 실리마린 130mg 함유
활력비타민 B군 3종 : 1일 영양성분 기준치 100%
사이즈
초미니 사이즈 1cm로 제작되어, 목 넘김이 편하고, 휴대하기에도 용이합니다.
복용 방법
하루에 한 번, 한 알을 물과 함께 섭취하면 됩니다. 간편한 복용 방법으로 누구나 쉽게 건강을 챙길 수 있습니다.
보관용기
제품보호를 위한 안전캡 사용, 산화 최소화를 위한 뚜껑 내부 실링처리, 습기 차단으로 제품을 안전하게 보관할 수 있습니다.
결론
동화약품 케어랩 밀크씨슬 간 건강 케어 제품은 간 건강을 챙기고자 하는 분들에게 매우 추천할 만한 제품입니다. 고품질의 밀크씨슬 추출물과 다양한 비타민이 함유되어 있어 간 건강을 개선하고 전반적인 건강을 지원하는 데 큰 도움을 줄 수 있습니다.
* 본 리뷰는 쿠팡 체험단에 선정되어 제품을 받아 사용 후 작성한 구매 후기입니다."
13,"쿠팡체험단에 건강에 도움을 주는 약이 떴길래 고민 없이 바로 선택했습니다.
밀크씨슬이 간에 좋다는 이야기를 많이 듣기도 했고 동화약품은 믿고 먹을 수 있을 것 같아서요.
최근에 눈 영양제도 초미니로 바꾸어서 먹으니 목 넘김이 좋던데 이것도 지금이 약 1센티가 안되는 것 같아요.
알약이 정말 작더라고요. 평소에 큰 알약을 먹는 게 힘들어하는 남편에게는 딱 좋은 사이즈인 것 같아요.
하루에 한 개만 먹으면 되니까, 간편하게 챙길 수 있어서 좋습니다.
알약이 작아서 삼키기에도 부담이 없고, 남편도 잘 먹고 있어요. 이렇게 간편하게 섭취할 수 있는 점이 정말 마음에 들어요.
밀크씨슬은 간 건강에 좋다고 알려져 있는데, 특히 간 기능을 개선하고 해독 작용을 도와준다고 하더라고요.
그래서 남편이 이 제품을 꾸준히 섭취하면 간 건강에 긍정적인 영향을 줄 수 있을 것 같아요.
아직 먹은 지 얼마 안 되었지만, 남편이 조금이라도 건강해지길 바라는 마음으로 매일 챙겨주고 있어요.
간 건강은 정말 중요한 부분이잖아요. 또 침묵의 기관이라고 하니 금방 전조 증상이 없기도 하고요.
60정을 다 먹고 나서 꾸준히 복용해 볼까 하는 생각을 하고 있습니다.
먹을 때 딱히 약 냄새나 역하지 않아요. 시범 삼아 저도 한 알 먹어봤거든요.
약통도 매우 작고 알약도 매우 작아서 휴대하기도 편하네요. 보통은 며칠 나가거나 출장 가면 작은 통에 옮기는데
정말 작습니다. 이것도 장점이라면 장점이네요!
* 쿠팡체험단으로 선정되어 물품을 제공받고 사용후기를 작성했습니다."
14,"쿠팡체험단 이벤트로 상품을 무료 제공받아 작성한 리뷰입니다.
술을 안 먹는게 제일 좋겠지만 그게 안되니 약이라도 잘 먹자 싶어서 비타민이랑 밀크시슬은 꼭꼭 챙겨먹거든요 ㅋㅋ 다른 회사 밀크시슬은 많이 먹어봤는데 동화약품에도 밀크시슬이 있는지 몰랐아요.  ‘까스활명수’로 잘 알려진 부채표 브랜드라 믿음이 가네요. 이미 오래된 제약회사라 제품의 안정성과 신뢰도가 높다는 점이 가장 먼저 눈에 들어왔습니다.
1. 작은 크기로 목 넘김이 편해요
알약 크기가 정말 작아서 목 넘김이 어렵지 않아요.  평소에 큰 알약 별로 안좋아하는데, 이 제품은 크기가 작아서 매일 부담 없이 섭취할 수 있었습니다. 게다가 하루에 딱 1알만 먹으면 되는 게 정말 편리했어요.
(사진 보시면 알겠지만 일반적인 유산균이랑 비타민c  크기에 비해 정말 작죠! 거의 면봉 머리만해요 ㅋㅋㅋ)
2. 휴대성이 좋아요
사진 보시면 알겠지만 알약 크기만 작은 게 아니라 병 자체도 아주 작아요. 병 높이가 거의 매니큐어 통 정도라 가방에 넣고 다니기에도 부담 없고, 직장이나 여행 갈 때 챙기기에도 딱이더라고요. 60정이나 들어 있어서 한 병으로 두 달은 넉넉히 먹을 수 있는 점도 만족스러웠습니다.
3. 연초 간 건강 관리에 제격
연초라 약속이 많아 술자리도 잦고, 기름진 음식을 먹는 일이 많잖아요. 이럴 때 간 건강이 걱정되는데, 양심의 가책을 많이 줄여주는 제품같습니다ㅎㅎㅎ 원래 비타민 b가 피로회복에 좋아서 같이 먹어야하는데 제품 안에 같이 들어있어서 더 맘에 들어요
✔️ 총평
동화약품 밀크씨슬은 믿을 수 있는 브랜드에서 나온 데다, 크기가 작고 하루 한 알로 간편해서 좋아요. 게다가 가격까지 싸니까 대박입니다 ㅎㅎ 밀크시슬을 고른다면 이 제품 완전 추천드립니다!!"
15,"쿠팡체험단 이벤트로 상품을 무료 제공받아 작성한 리뷰입니다.
주문 다음날 아주 빠르게 잘 받았습니다.
주위에 알아보던중 간에는 밀크씨슬이 좋다고 먹어봐라고 해서 알아보던중 그유명한 부채표동화약품 좋은 기회을 통해 먹어봅니다.
60정으로 보라색 아주작은 타원형 알맹이 먹기가 참 좋아요
생각보다 좋은 영양소가 많이 들어가 있어요
-비타민B1(탄수화물과 에너지 대사에 필요)
-비타민B2(체내에너지 생성에 필요)
-비타민B6(단백질및아미노산이용에필요)
에너지 활력에 간건강까지 챙길수 있어 꾸준히 복용하면 좋을거 같아요
지중해연안의 이탈리아산 원료 순도60% 실리마린(간건강에 도움을 줄수있는 핵심성분등등) 130g 함유
간건강이 걱정되고 간이 피로하신분 활력있는 생활을 원하신다면 미리미리 챙겨먹으면 좋을거 같아요
좋은제품 감사합니다. 다먹고 또 주문 하겠습니다."
16,"쿠팡체험단 이벤트로 상품을 무료 제공받아 작성한 리뷰입니다.
40대가 되면서부터 여러 영양제를 먹다보니
혹시나 하는 마음에 간보호를 위해 밀크씨슬을 먹고있어요
성분이나 함량은 대부분 비슷해서 저렴한걸 찾아먹습니다.
.
이 제품은 다른 후기들처럼
통이 엄청 작고 귀엽네요
통 뿐 아니라 알도 작아서 목넘김 넘 편해요
사진에 엄지손톱 비교했으니 참고하세요^^
색상도 찐보라색이라 넘 예뿌구요.
보기좋은떡이 먹기도 좋다는 말이 딱 입니다.
그냥 늘 먹는 영양제일 뿐인데
뭔가 기분좋게 찾아먹게 되네요.
.
어릴때부터 익숙한 네임드인
부채표 동화약품에서 나온 제품이라 신뢰도 업!!
부담스럽지 않은 가격에 믿고 먹을수있어서
너무 좋습니다.
한번에 두달치 용량이라 더 좋은것같아요
귀차니즘인간이라 자주바꾸는것보다 두달,석달치 용량을 좋아하거든요ㅋ
.
도움이되셨다면 도움이돼요 눌러주세요"
17,"저렴이 식빵도 이 버터 바르면 신분상승 가능함
쿠팡체험단 이벤트로 상품을 무료 제공받아 작성한 리뷰입니다.
➖️쿠팡돈쿠팡산 후기➖️
✔️ 이걸로 선택한 이유
이 가염버터가 풍미가좋다고 베이킹인들 사이에서 그렇게 소문이 자자하길래 선택해봄
✔️ 선택시 중요하게 생각한것
1️⃣ 프랑스 버터일것
이즈* 버터 라꽁비** 버터 버터계의 명품이라고 소문이 자자한 버터들이 다 프랑스출신임 이즈니버터는 먹어봤는데 비싸서못먹지 매일먹고싶음 그러던중 체험에 브리델버터가 있어 선택함
2️⃣ 가염일것
요똥이라 베이킹할줄도 모르고 그냥 아침에 빵에 발라먹을 용도로 삼 아무리 명품버터라도 소금기가 없으면 늬끼하기 마련임 내 취향상 짭쪼름해야 먹어도 먹은것 같다는 기분이들어서 가염으로 선택함 저렴이출신 식빵도 이 버터를 만나면 신분상승 ssap가능 식빵뿐아니라 부시맨브래드에 찍먹해도 짱맛있음
3️⃣ 적당한 양일것
이 버터는 방부제대신 발효로 유통기한을 연장해주는 고메버터임 그렇다보니 유통기한이 좀 짧음 근데 큰걸사서 얼려놓고 쓸수 있겠죠 하지만 저는 냉장보관해서 쓰고싶음 왜냐 이 버터에는 발효성분이 있어서 우유풍미가 가득하답니다 이 버터맛을 즐겨야하므로 냉동에 처박아둘수없음 빵찍어먹을 용도면 이정도양 사서 냉장에 넣어 소비기한안에 먹어주는게 이 명품에 대한 예의☆
✔️ 그래서 나중에 내돈내산도 가능❓️
⭕️그렇다
사치부리고싶은날 이버터를 사먹을겁니다 이거사고 찍어먹을 빵을 저렴이로 살겁니다 진짜 얘가 빵 신분상승시켜준다니까요 그야말로 순삭입니다 근데 한번쯤이 안될겁니다 왜냐면 이 버터의 짭쪼롬 고소함 우유풍미 이걸 경험해보면 또 찾게될겁니다"
18,"고소하고 향좋은 시장쏙 참기름, 들기름❤️
설 명절에 맛있는 음식을 많이 하기 위해 구매한 시장쏙 전연화 참기름+들기름 세트 후기입니당❤️
✅명절에 음식하기 위해 참기름과 들기름 세트를 구매하게 되었는데 일단 패키지가 너무 예뻤어요‼️
포장을 너무 예쁘게 해주셔서 명절 선물이나 집들이 선물로도 너무 좋을것 같아요
종이가방도 그렇고 참기름, 들기름 병도 고급지고 좋은 기름 같아 보여서 배송 왔을때 기분이 좋았고 선물용으로 좋겠다 싶었어요‼️
✅참기름과 들기름은 어느집에서나 많이 사용하실텐데요 많이 사용하는만큼 맛과 품질이 더 중요하다고 생각합니다‼️
1. 전연화 골드 참기름은 년도별 햇깨만 사용하여 더욱 고소하고 풍미있으며, 여러 인증을 통과하여 안전하게 섭취할 수 있고, 불순물을 제거하여 투명하고 맑은 기름으로 깨끗하게 섭취 가능합니다, 45도 이하 착유로 영양소 파괴까지 최소화 하였으며, 깨 재활용 없이 한번의 착유로 제조되었다고 해요‼️
2. 전연화 프리미엄 들기름도 역시 첨가물 없이 100% 들깨만 사용하였으며, 역시 여러 인증을 통과하여 안전하고, 불순물 없이 전연화식 로스팅을 하였고, 영양손실을 최소화 하기 위해 전통 압착 방식을 사용했다고 해요‼️
✅참기름은 고소하고 향이 강해 나물무침, 국물 요리, 비빔밥 등에 사용하면 좋고, 들기름은 고소함이 은은하고 담백해서 나물 볶음이나 전 요리에 사용하면 좋아요‼️
참기름과 들기름은 개봉 후에는 냉장보관이나 서늘한 곳에 보관해야 한다고 해요
✅올 해 시장쏙 전연화 참기름과 들기름으로 이것저것 요리를 많이 했는데 고소한 맛이 정말 좋았고 풍미가 깊어 집에서 요리하시는분들에게 완전 추천합니당❤️"
19,"시장쏙 전연화 참기름 골드와 전연화 들기름 프리미엄 선물세트 1호는 정말 훌륭한 제품입니다! 이 세트는 참기름과 들기름이 각각 350ml로 구성되어 있어, 다양한 요리에 활용하기에 최적입니다. 고급스러운 포장 덕분에 선물용으로도 매우 적합합니다.
참기름 골드는 고소한 맛과 향이 일품이며, 샐러드, 볶음 요리, 비빔밥 등 다양한 요리에 활용할 수 있어 매우 유용합니다. 특히, 고온에서 조리해도 그 향과 맛이 변하지 않아, 요리를 더욱 풍부하게 만들어 줍니다. 들기름 역시 고소하고 풍부한 맛이 일품으로, 특히 나물 무침이나 찌개에 넣으면 고소한 풍미가 더해져 더욱 맛있습니다.
두 가지 기름 모두 품질이 뛰어나고, 자연 재료로 만들어져 건강에 대한 걱정 없이 사용할 수 있어 안심입니다. 또한, 각각의 용기가 깔끔하게 디자인되어 있어 주방에 두기에도 좋습니다.
이 선물세트는 가족이나 친구에게 선물하기에도 좋은 선택이며, 특별한 날이나 명절에 더욱 빛을 발하는 아이템입니다. 기름의 품질과 맛이 우수하여, 요리에 신경 쓰는 분들에게는 꼭 추천하고 싶은 제품입니다.
가격대도 합리적이어서, 품질 대비 가성비가 뛰어난 점도 마음에 듭니다. 앞으로도 자주 구매할 계획이며, 시장쏙 전연화 참기름과 들기름은 주방에서 없어서는 안 될 소중한 재료가 될 것입니다. 요리를 사랑하는 분들에게 강력히 추천합니다!
"
20,"업체의 제품을 제공받아 직접 체험 후 솔직하게 작성한 후기입니다.
저온 압착방식으로 짜낸 들기름이라
영양분도 가득하고 풍미가 남다르네요
정말 꼬신내가 어마어마 합니다
계란후라이 할때도
건강 생각해서 들기름으로 요리하는데요
오메가 3도 풍부하고 훨씬 맛있어요 ~"
21,"업체의 제품을 제공받아 직접 체험 후 솔직하게 작성한 후기입니다.
유리병이라 걱정했는데 포장 완전 꼼꼼히 잘 되서 옵니다
고소함 가득 들기름 ~
요새 나물 무치면 너무 맛있는데
요 들기름 덕분인듯요 !!
고소하고 맛 좋아요
엄마집에도 하나 드렸더니 정말 맛있다고 하시네요 !!"
22,"업체로부터 제품을 무상으로 제공받아 작성한 솔직한 후기입니다
시판용 이이렇게 고소할수가 있나요
진짜 맛좋아요 시골에서 할머니가 짠 냄새  맛똑같아서 바로재구매 친정집 보내려구요"
23,"요즘처럼 간편하고 맛있는 한 끼가 필요한 날, 마이셰프 밀푀유나베 & 칼국수 밀키트는 정말 탁월한 선택이었습니다. 집에서 손쉽게 근사한 요리를 즐기고 싶을 때, 이 제품만큼 만족스러운 선택은 없을 것 같아요. 포장 상태도 깔끔하고 신선도도 매우 뛰어나 처음 박스를 열었을 때부터 기대감이 커졌습니다.
먼저 구성품을 살펴보면, 배추와 깻잎, 버섯류 등 신선한 채소가 넉넉히 들어 있고, 고기 또한 두툼하고 질 좋은 쇠고기로 준비되어 있어 누구나 믿고 먹을 수 있습니다. 육수는 진한 풍미를 느낄 수 있는 맛으로, 조리하는 동안 집안 가득 퍼지는 향만으로도 군침이 돌게 만들었습니다.
요리 방법도 매우 간단했습니다. 정해진 순서대로 재료를 냄비에 겹겹이 쌓고 육수를 부어 끓이기만 하면, 보기에도 예쁘고 맛도 좋은 밀푀유나베가 완성됩니다. 손이 많이 가지 않으면서도 손님상에 내놓아도 손색없는 비주얼과 맛을 자랑해서 정말 감탄했어요. 칼국수 면도 쫄깃하면서 국물과 잘 어우러져 마지막까지 깔끔하게 즐길 수 있었답니다.
무엇보다 이 제품의 장점은, 복잡한 재료 준비 없이도 건강한 집밥을 먹는 기분을 준다는 것입니다. 혼자 먹기엔 넉넉하고, 두세 명이 나눠 먹기에도 충분해서 가족끼리 또는 친구들과 함께 즐기기에도 안성맞춤입니다. 특히 바쁜 일상 속에서 외식 대신 간편하고 정성 가득한 한 끼를 원하는 분들에게 강력히 추천드리고 싶어요.
개인적으로는 따뜻한 국물요리가 당기는 날, 냉장고 속 재료 없이도 바로 꺼내어 조리할 수 있다는 점이 너무 만족스러웠고, 한 번 맛본 이후로는 재구매 의사가 생길 정도로 마음에 들었습니다. 간편함과 맛, 영양까지 모두 갖춘 훌륭한 밀키트라고 생각합니다. 앞으로도 마이셰프 제품에 대한 기대가 더 커질 것 같아요. 믿고 먹는 브랜드로 강력 추천드립니다!
"
24,"불고기전골 밀키트, 맛이 있는 멋진 먹거리 전골입니다!  물품 품질이 좋고 먹기에 넉넉합니다.  강력히, 추천합니다.
비슷한 물품을 찾던 중 품질이 좋고 맛있어 보여 여러모로 쓸모가 있어보여 구매했습니다.  갈무리를 잘하여 간편하게 이용하고 오랫동안 자주 이용해 보렵니다.  추천합니다!
포장이 과하지 않고 적당하게 잘 처리 되었고, 신속하고 안전한  배달이 정확하게 바로 잘 이루어졌어요!  품질이 좋아 남아있는 다른 재료와 같이 조합되어 어우러져 넉넉하고 손쉽게 맛진 요리가 가능하여 어디서나 잘 어울립니다.  강력히 추천합니다!
물품의 구입 가성비가 좋아 부담이 적은 적정 가격에 구입을 해 볼 수 있겠다 싶어 좋은 상품 찾기에 도전해 볼 의도로 구매했습니다.  시간을 조금 들여 쿠팡 물품을 찬찬히 잘 살펴보면 숨어있는 간편하고 멋진 쿠팡 물품을 만나고 선택을 할 수 있습니다.  필요시 구입하여 간편하게 이용하고 오래 자주 기꺼이 즐겨보세요. 추천합니다!
기회가 되면 재구입도  해 보려고 합니다.  쿠팡 물품 선택은 계속적인 관심을 가지고 찬찬히 살펴보면 눈에 보이는 것이 있습니다.  자신의 물품 선택의 기준과 수준이 점차 업그레이드가 됩니다.
가격을 비교해 보고  다양한 물품 중에서 자신이 원하는 상품을 찾아냅니다.   새로운 물품을 보는 눈도 긍정적으로 관대하게 키워 집니다.  숨겨진 다른 기능을 찾아보기도 하는 재미를 주어 쿠팡을 통한 평생 학습의 기회를 덤으로 가집니다.
맛나고 좋은 상품을 적정한 가격에 구입하는 쿠팡체험을 하게 되어, 자신의 생활이 좀더 여유롭고 많이 풍요로워 졌습니다.  쿠팡 구매를 통한 삶의 질이 한 단계 업그레이드 되어 좀더 나은 자신을 완성하기에 한 걸음 더 다가가 봅니다.    기회가 되면 좀 더 수준있는 쿠팡의 스마트한 멋진 새로운 제품에도 용기를 내어 도전하고 인생 배움에 한 걸음 더 넓고 깊게 물품 체험을 시도해 보려합니다.   쿠팡하다 인생순삭!
사랑합니다, 감사합니다, 응원합니다!  힘내시고, 화이팅!...   "
25,"긴 연휴끝내고 학교가는 아이들 반찬걱정에 로켓프레시를 들어왔다 급하게 구매해서 오늘 아침식사를 간단히 해결해보았습니다
조리법도 간단하고 야채도 손질이 다되어 있어서 물에만 살짝 헹궈서 체반에 받쳐놓고 소고기는 키친타올로 핏기만 닦아내서 싶자로 4등등분해준후 물 120 미리 받아서 양념소스랑 섞어준뒤 고기를 3분정도 재어주고 참기름 빼고 모든 재료넣어서 끓여주고 마지막에 참기름 둘러주면 끝입니다
저는 애들주려고 물 반컵 더 추가해서 밥위에 자작하게 국물도 부어서 불고기덮밥 만들어줬어요
팽이버섯좋아하는 큰아들은 더 잘 먹더라구요
저도 간단하게 밥이랑 비벼먹었는데 맛있었어요
저는 후추를 조금 넣어 먹었네요
소불고기를 이렇게 간단하게 해먹을수있다니
역시 밀키트는 사랑입니다^^
로켓프레시가 있어서 마트 안가도 되고 너무 편하게 아침식사 잘 해결한거같아 기분이 좋아요"
26,"우리 식구 모두 불고기 전골 마니아여서 자주 주문하는데, 이번에는 프레시지 서울식 불고기 전골 밀키트(2인분, 424.5g)을 선택해 보았어요. 결과적으로 아주 만족스러웠고, 앞으로도 재구매할 생각이 들 정도로 맛과 구성 면에서 훌륭했습니다.
우선, 재료가 신선하고 깔끔하게 포장되어 있어서 좋았습니다. 고기, 채소, 육수가 각각 위생적으로 포장되어 있어 따로 손질할 필요 없이 바로 조리가 가능했습니다. 불고기용 소고기도 질이 좋아 보였고, 육수는 깊은 감칠맛이 느껴져서 국물 요리로 손색이 없었습니다.
조리 과정도 매우 간편했습니다. 냄비에 재료를 넣고 끓이기만 하면 완성되니 바쁜 날에도 부담 없이 준비할 수 있었습니다. 육수가 끓기 시작하면 고기와 채소에서 나오는 맛이 어우러져 더욱 깊고 풍부한 국물 맛이 완성됩니다. 특히, 육수는 너무 짜거나 달지 않고 적당한 감칠맛이 있어서 누구나 부담 없이 즐길 수 있을 것 같아요.
맛은 전통적인 서울식 불고기 전골의 정석을 잘 살리고 있었습니다. 고기는 부드러웠고, 국물에 배어든 불고기 양념이 조화로웠습니다. 따로 간을 더하지 않아도 충분히 맛이 좋았고, 개인적으로는 당면이나 버섯을 추가하면 더욱 풍성하게 즐길 수 있을 것 같습니다.
양도 2인분으로 적당한 편이라서 작은 가족 단위나 1~2인이 함께 먹기에 알맞았습니다. 저희 가족은 워낙 불고기 전골을 좋아해서 추가로 다른 재료를 더 넣어 먹었지만, 기본 구성만으로도 충분히 든든했습니다.
전반적으로 신선한 재료, 깊은 국물 맛, 간편한 조리 과정 덕분에 아주 만족스러운 제품이었습니다. 불고기 전골을 좋아하는 분들이라면 한 번쯤 구매해서 드셔 보시길 추천드립니다! 저희 가족도 앞으로도 자주 주문할 것 같아요."
27,"✅한줄평
당면과 불고기와 야채들이 한꺼번에 들어있고 조리 하기 쉬운 최애 밀키트 입니다.
✅제품
제가 리뷰 할 제품은 프레시지 서울식 불고기 전골 밀키트 2인분입니다.
서울식 불고기 전골 밀키트는 아이들과 함께 먹기 좋은 제품으로 적어도 한 달에 한번은 꼭 구매해서 먹습니다.
밀키트 답게 패키징이 매우 깔끔하고 실용적이고, 모든 재료가 개별적으로 진공 포장 되어 있어서 신선한 상태로 조리할 수 있어요. 소요시간도 15분 정도 걸려서 정말 간편하게 식사 준비를 할 수 있어요.
구성품을 살펴보면 얇게 썰어진 불고기용 소고기, 소분된 팽이버섯, 대파, 불고기 양념, 양파, 당면, 1회용 참기름이 들어있어요.
당면은 끓은 물에 7분간 삶은 뒤 체에 받혀 건져두고, 그 동안 소고기는 키친타월을 이용해 핏물을 제거하여 동봉된 양념 소스와 물 120ml를 넣고 버물려 재워둡니다.
집에 배도라지즙이 있어서 좀 더 달짝 찌근하게 먹기 위해 추가해줬는데 안 넣어도 무방합니다.
양념이 밴 소고기와 야채, 당면을 넣고 중불에 익혀준 다음에 마지막에 참기름을 넣어 완성입니다.
별도의 간을 맞추지 않아도 잡내 없이 양념이 고기에 잘 베이고 이미 얇게 썰려 있어서 질기지 않고 부드러워서 당면과 함께 아이들도 정말 잘 먹어요.
2인분 기준으로 설계된 밀키트지만 당면까지 포함되어 있어서 성인 2명이 먹어도 충분히 배불리 먹을 수 있는 양으로 한끼 식사로 제격입니다.
자작한 국물과 자극적이지 않은 호불호 없는 달달한 불고기 소스로 실패하지 않을 밀키트로 종종 구매해서 드셔 보시는 것 추천 드립니다."
28,"집에서도 간편하게 전통적인 서울식 불고기 전골을 즐길 수 있는 제품입니다. 이 밀키트는 필요한 재료들이 모두 손쉽게 준비되어 있어, 요리 초보자부터 바쁜 일정을 보내는 사람들까지 누구나 쉽게 따라할 수 있습니다. 패키지 안에는 불고기 전골에 필요한 채소, 양념, 그리고 불고기 고기까지 모두 포함되어 있어 추가로 재료를 준비할 필요가 없습니다.
우선, 고기의 질감이 아주 좋습니다. 얇게 썬 소고기 부위는 적당한 두께와 크기로, 전골에 넣었을 때 부드럽고 고소한 맛을 그대로 느낄 수 있습니다. 고기가 전골 국물에 적당히 스며들어 감칠맛을 더해주며, 전골 특유의 깊은 맛을 잘 살립니다. 또한, 불고기 양념은 짭짤하면서도 달콤한 맛이 적절히 균형을 이루며, 국물의 맛이 자극적이지 않고 부드럽게 입맛을 돋우어 줍니다.
채소들도 신선하고 맛있습니다.  다양한 채소들이 풍성하게 들어 있어 국물 맛을 더욱 풍부하게 해주며, 씹는 맛도 좋습니다. 특히 청경채는 전골에 넣었을 때 국물의 풍미와 잘 어울려 상큼한 맛을 더해 줍니다. 양념이 잘 배어들어 채소에서도 맛이 잘 우러나며, 전체적으로 조화를 이루는 느낌입니다.
조리법도 간단하여 부담 없이 만들 수 있습니다. 고기와 채소를 냄비에 넣고, 제공된 국물 양념을 부은 후 끓여주면 됩니다. 이 과정에서 시간이 많이 소요되지 않고, 전골이 끓을 때 나오는 향이 집안 가득 퍼져 더욱 식욕을 자극합니다.
전체적으로 프레시지 서울식 불고기전골 밀키트는 맛과 편리함 두 가지를 동시에 만족시킬 수 있는 제품입니다."
29,"<<프레시지 서울식 불고기 전골 밀키트, 424.5g, 1개>>
불고기 전골을 좋아해서 이번에 프레시지 서울식 불고기 전골 밀키트를 주문했어요. 평소 불고기 전골은 재료를 많이 준비해야 해서 번거롭지만, 이 밀키트는 필요한 모든 재료가 딱 들어 있어서 조리하기 정말 편리했어요.
⭕장점⭕
✳️필요한 재료가 다 들어 있음
소고기, 양념, 참기름, 팽이버섯, 대파, 양파, 당면이 기본 구성으로 들어 있어요. 모든 재료들이 미리 손질되어 있기 때문에 따로 준비할 필요 없이 바로 끓일 수 있어 정말 간편했어요. 저는 집에 있는 양파와 파를 조금 더 추가해서 더욱 풍성하게 만들어 먹었어요.
✳️간편한 조리
모든 재료를 넣고 끓이기만 하면 되는 간단한 방식이라 조리 시간이 15분 정도밖에 걸리지 않았어요. 바쁜 날에 빠르고 맛있는 식사를 준비하기에 딱이었어요. 양념도 적당히 배합되어 있어, 따로 간을 조절할 필요 없이 맛있게 완성됐어요.
✳️맛과 식감
불고기 전골은 담백하고 풍부한 맛이 나서 가족 모두가 만족했어요. 당면까지 들어 있어서, 다양한 식감을 즐길 수 있었고, 아이부터 어른까지 모두 좋아할 맛이었어요. 저희 딸도 당면을 특히 좋아해서, 먹는 내내 잘 먹더라고요.
✳️적당한 양
총 2인분으로 구성되어 있지만, 저와 신랑, 딸이 함께 먹기 딱 좋았어요. 양이 부족하지 않고 세 명이서도 충분히 배부르게 먹을 수 있었어요.
✴️총평✴️
프레시지 서울식 불고기 전골 밀키트는 재료 준비가 번거로운 불고기 전골을 간편하게 즐길 수 있는 제품이에요. 필요한 재료들이 모두 들어 있고, 조리법도 간단해서 바쁜 날에 맛있는 한 끼를 준비할 수 있었어요.
"
30,"소불고기 전골 밀키트 중에는 개인적으로 프레시지 서울식 불고기 전골 밀키트가 제일 나은거 같고 딸아이가 잘 먹어서 나름 자주 주문하고 있습니다.
배송은 언제나 빠른 로켓프레시 배송답게 다음날 일찍 보냉백에 아이스팩까지 동봉되어 신선하게 잘 도착하였습니다.
프레시지 서울식 불고기 전골 밀키트의 구성은 소고기, 당연, 팽이버섯, 파, 양파, 소스, 참기름등으로 구성되어 있고 조리법은 상당히 쉬운 편
입니다.
조리법이 다른 밀키트와 비교 했을때도 상당히 간단합니다.
프레시지 서울식 불고기 전골 밀키트 같은 경우 딸아이가 가장 맛있게먹는 밀키트 음식 중 하나인데 당면에 소불고기 양념이 흡수 되어 더 맛있습니다.
신랑 같은 경우는 밥 먹을 때 고기반찬이랑 국이 있어야 하는데 프레시지 서울식 불고기 전골 밀키트는 고기 반찬도 되고 간단한 국?대용으로도 먹을 수 있어 추가 반찬으로는 김치 정도만 있으면 정말 한끼식사로 챙길 수 있어 너무 좋은거 같습니다.
저는 프레시지 서울식 불고기 전골 밀키트를 간편하고 든든하게 한끼때울수 있는 맛있는 밀키트 제품을 찾는 분들에게 적극 추천드리고 싶습니다. :)
저의 리뷰가 도움이 되었으면 도움이돼요 한번만 클릭해주시면
정말 감사드리겠습니다. :)"
31,"■ 구매 동기
저는 마라탕을 일주일에 한 번은 꼭 시켜 먹는 마라 중독자예요ㅋㅋ
근데 요즘 마라탕 시키면 기본이 2만원... 진짜 비싸잖아요?
좀 싸게 먹을 방법 없나 찾다가 유튜브에서 쿠팡 마라탕 3종 비교 영상 보게 됐는데
거기서 이 프로즌 원팩 마라탕이 **“시켜 먹는 거랑 완전 똑같다”**고 극찬하길래 바로 구매해봤어요!
그리고... 먹어보자마자 든 생각: 와, 이거 진짜 존맛...
● 장점
✔ 진짜 시켜 먹는 마라탕이랑 거의 99% 비슷한 맛
✔ 국물 진하고, 얼얼하면서 깔끔하게 매운 맛이라 중독성 있음
✔ 냉동인데 야채, 두부, 분모자, 건두부 등 구성도 알차요
✔ 하나로 1인분 든든하게 해결 가능 – 간편한 한끼로 최고
✔ 전자레인지, 냄비조리 둘 다 가능해서 편의성도 굿!
▣ 이런 분께 추천해요
▷ 마라탕 자주 시켜먹는데 배달비 + 가격 부담되는 사람
▷ 집에서 간편하게 마라탕 퀄리티 내고 싶은 분
▷ 구성 좋은 1인 마라탕 찾는 마라찐러버
→ 시켜 먹는 마라맛을 냉동으로 즐기고 싶은 사람
→ 리뷰 괜찮으셨다면 ‘도움이 돼요’ 꾹 눌러주세용 :)"
32,"✅️제품명: 프로즌 원팩 마라탕 매운맛 (냉동), 470g ✅️만족도: ★★★★★ (5점 만점 중 5점)
집에서도 마라탕을 간편하게 즐기고 싶어서 처음 구매했는데, 이제는 냉동실에 항상 구비해두는 필수품이 되었습니다.
다양한 건더기가 듬뿍 들어있음
간편한 조리법으로 누구나 쉽게 준비 가능
매콤하면서도 깊은 마라향이 일품
일주일에 한두 번은 꼭 먹는 단골 메뉴입니다. 조리법이 너무 간단해서 바쁜 날에도 부담 없이 만들 수 있어요.
건더기가 다양하게 들어있어 식감도 풍부하고 먹는 재미가 있습니다.
✔️장점
건더기가 다양하고 풍성하게 들어있어 식감이 좋음
땅콩향이 나지 않으면서도 마라의 깊은 맛이 잘 살아있음
양이 꽤 많아서 한 끼 식사로 든든함
추가 재료를 넣어 응용하기 좋음
조리가 간편해서 누구나 쉽게 마라탕을 즐길 수 있음
✔️아쉬운점
잘먹고있어 만족합니다.
⭕️총평
집에서 즐기는 마라탕으로는 가성비와 맛 모두 최고라고 생각합니다. 특히 외식으로 마라탕을 즐기기에는 부담스러운 분들께 강력 추천드립니다. 마라탕 초보자부터 마니아까지 모두가 만족할 만한 제품입니다.
지금까지 저의 리뷰를 읽어주셔서 감사합니다.
⭕도움이 되셨다면~
✅도움이 돼요✔클릭 부탁드립니다."
33,"쿠팡체험단 이벤트로 상품을 무료 제공받아 작성한 리뷰입니다.
평소 김치전을 너무 좋아합니다.
김치전 뿐만 아니라 부추전, 해물파전, 감자전 등등 전류를 즐겨먹는 매니아입니다.
강불로 잘 달구어진 불에 전을 올려야하고 중불 강불 오가면서 바싹하게 구워냈어요~!!
총 2장이 들어있는데, 1장이면 성인 1명 먹을 양이네요.
둘이서 1팩이면 딱 좋아요~
저는 야근하고 돌아와서 구워먹느라 2회에 나누어서 2번 먹었네요. 양이 딱 좋았어요
전체적으로 감칠맛이 있어서 좋았고, 사이즈 적당하고, 무엇보다 이렇게 간편하다니 조리 난이도는 하~!!
반죽절차가 없다보니 그냥 구워내면 되서 너무 좋았어요~
총 2장 들어있으니 그냥도 드셔보시고, 나머지 1장은 피자치즈 올려드시는걸 추천드려요~~!!
⭕️ 간편함
⭕️ 감칠맛이 좋음!!!
⭕️ 피자치즈 올려드시는걸 적극 추천!!!!
■■   구매를 망설이시는 분들께 제 솔직한 리뷰가
작은 도움이 되기를 희망합니다. ■■"
34,"쿠팡체험단 이벤트로 상품을 무료 제공받아 작성한 리뷰입니다.
집에서도 간편하게 맛있는 오징어김치전을!
전 종류를 좋아 하는데 오징어 김치전을 간편하게 먹을 수 있다니 너무 좋아요.
★ 보관방법 : 냉동보관
★ 종 충량 :  300g (2장)
명절에 양가 부모님댁에서 항상 전 종류를 가져와 냉동실에 얼려놓고 먹거든요.
솔직히 전 종류를 집에서 만들어 먹기 번거롭기도  하고 해서 명절쯔음에나 먹는 음식이였는데 이렇게  간편하게 먹을수 있으니 너무 좋아요.
2장이 들어 있어서 저는 하나는 후라팬에 또 하나는 에어프라이어에 데펴서 먹어봤어요.
★ 후라이팬 조리시
- 냉동 상태의 오징어 김치전을 준비한다
- 기름을 두르지 않은 후라팬에 전을 올려준다
- 중불에서 7분~8분 동안 노릇하게 구워준다
** 전은 앞뒤로 한번씩만 뒤집어 줘야 찢어지지 않아요. **
★ 에어프라이어로 조리시
- 냉동 상태의 오징어 김치전을 준비한다
- 180도로 예열한 에어프라이어에 전을 넣는다
- 8분 ~ 10분 조리 하면 오안성
** 바삭함을 원하시면 기름을 약간 발라주세요 **
저는 에어프라이어에 기름을 두르지 않은 상태에서 했는데 좀 흐믈거리는 식감이였어요.
확실히 후라이팬에 해서 먹는게 더  바삭하니 맛있더라구요
김치의 아삭함과 여기저기 퍼저 있는 오징어들이 너무 맛있어요.
간편하게 조리 해서 먹을 수 있어서 자주 애용해야 겠어요.
비온다는 예보가 있으면 이제 철반오징어 김치전을 미리 주문해서 준비해놔야 겠어요.
제 리뷰가 도움이 되셨다면
도움돼요 꾸욱~ 부탁드려요"
35,"쿠팡체험단 이벤트로 상품을 무료 제공받아 작성한 리뷰입니다.
전 부치기 귀찮을 때, 밀가루 계량하고 김치 썰고 이것저것 준비하기 번거로울 때! 이런 날을 위해 딱 나온 제품이 아닐까 싶어용!
풀무원 철판 오징어 김치전은 냉동 제품이라 보관도 편하고, 먹고 싶을 때 간단하게 조리해서 먹을 수 있어 너무 좋았어요.
✅ 맛 & 식감
먼저 맛이 진짜 괜찮아요! 가끔 냉동 전 제품은 밀가루 맛이 강하거나 뻑뻑한 경우가 많은데, 이건 전혀 그렇지 않아요. 김치의 적당한 매콤함과 감칠맛이 살아 있고, 오징어가 쫄깃하게 씹히는 식감이 확실히 살아 있어서 더 맛있어요.
겉바속촉! 기름을 살짝 두르고 팬에서 노릇하게 익히면 겉은 바삭하고 속은 촉촉한 완벽한 식감을 느낄 수 있어요. 집에서 직접 부쳐 먹는 전보다 더 깔끔하게 구워지는 느낌? 오징어 덕분인지 씹을 때마다 풍미가 더해져서 만족도가 높았어요.
김치도 적당히 많이 들어있고 중간중간 오징어 씹히는 맛이 좋았어요!
이 제품은 누구나 부담 없이 먹을 수 있는 맛이에요. 
✅ 조리 방법 & 꿀팁
이 제품의 가장 큰 장점 중 하나는 해동할 필요 없이 바로 조리 가능하다는 점!
팬에 기름 살짝 두르고 중불에서 조리하면 더 바삭하고 맛있어요.
센 불에서 조리하면 겉만 타고 속이 덜 익을 수 있으니 약불~중불에서 천천히 익히는 게 핵심!
저도 기름 살짝 두르고 중불에서 조리해 주었는데 테두리부분 바삭하고 중간부분은 촉촉하게 잘 익었습니다!
에어프라이어 조리도 가능!
180℃에서 8~10분 정도 돌려주면 기름 없이도 바삭한 식감을 살릴 수 있어요.
더 맛있게 먹는 꿀팁
치즈 토핑 추가: 피자 치즈를 위에 올리고 살짝 녹여주면 치즈 김치전도 될것같아서 더 풍부하게 먹을 수 있을거 같아요!
간장+식초+설탕 살짝 섞은 소스랑 같이 먹으면 전문점 느낌 제대로!
✅ 양 & 가성비
한 팩(300g)이고 전 2개 들어있어요! 성인 1~2명이 간단한 식사나 안주로 먹기 딱 적당한 양이에요.
혼자서 든든하게 먹을 안주로도 좋고, 둘이서 가볍게 나눠 먹으면 안주로도 완벽!
전을 만들려면 김치, 밀가루, 오징어 등 이것저것 준비해야 하는데, 이 제품은 간단하게 조리해서 먹을 수 있으니 시간 절약에도 최고!
막걸리랑 찰떡궁합! 혼술할 때나 친구랑 간단한 안주가 필요할 때 강력 추천합니다!
기대 이상으로 맛있어서 재구매 생각도 있습니당! 김치전 좋아하시는 분들은 꼭 한번 드셔보세요! 전문점 못지않은 맛을 집에서 간편하게 즐길 수 있습니다."
36,"처음 병을 열었을 때 신선한 올리브의 향이 진하게 느껴졌는데요
시중의 일반 올리브유와는 확연히 다른 프리미엄급 향이었어요​

샐러드에 드레싱으로 첫 사용해보았는데, 과일향과 함께 엑스트라 버진 올리브유 특유의 약간의 쓴맛과 매운맛이 조화롭게 어우러지더라고요.

역시 잘골랐다는 생각이 들었어요."
37,"다이어트 제품이라고 무조건 좋다고만 하지 않고, 진짜 직접 먹어본 후기로 작성해볼게요~~!!

ㅁ 구매 이유 : 요즘 너무 더워서 차갑고 부담 없는 식사 찾다가 구매했어요.
곤약+냉모밀=다이어트에 찰떡 조합 아닌가요?! ㅎㅎ
게다가 조리 없이 바로 먹는 거라 간편식으로도 최고

ㅁ 재구매 의사 : 별 네개 반 ⭐⭐⭐⭐✴
가볍게 먹고 싶을 때 넘 좋지만, 완전한 식사 대용은 살짝 부족한 느낌!

ㅁ 장점 :
        •        진짜 칼로리 착해요!! 100g에 20kcal이라 부담 ZERO~!
        •        곤약 특유의 비린내 없음. 발효돼서 그런지 잡내 거의 안 나요
        •        면 식감도 일반 곤약면보다 훨씬 탱탱하고 부드러워서 씹는 맛 있음!
        •        모밀소스 포함이라 따로 준비할 필요 없음, 그냥 물만 따라내고 바로 먹으면 끝!
        •        더운 날 시원하게 한 끼 때우기에 완벽~ 바쁜 아침에도 냉장고에서 꺼내서 1분 컷!

ㅁ 사용 꿀팁 :
        •        차가운 물에 살짝 헹구면 면발이 더 쫄깃해져요!
        •        다이어트 중이라면 삶은 달걀이나 닭가슴살 슬라이스랑 곁들이면 포만감 업!
        •        김가루나 와사비, 파송송 추가하면 맛이 훨씬 살아나요 (진짜 모밀 느낌 더 잘남!)
        •        냉면 그릇에 담아서 얼음 몇 개 넣으면 냉모밀집 뺨치는 비주얼 뿜뿜~

이상, 건강 생각하면서 맛도 포기 못 하는 분들께 추천드리는 제품이었구요!
곤약 면치고 식감 진짜 괜찮고, 냉모밀이니까 여름철 입맛 없을 때 딱이에요ㅎㅎ
다이어트하면서도 시원한 면요리 먹고 싶은 분들한테는 필수템!!
도움 되셨다면 “도움이 돼요” 한 번 꾹 부탁드려요~~^____^* ✨"
38,"☘️ 특징
✅ 100% 땅콩만 사용
✅ 단백질과 건강한 지방이 풍부
✅ 크런치한 땅콩 덩어리가 씹히는 슈퍼청키 스타일

설탕, 소금, 팜유, 방부제가 사용되지 않았고 가공되지 않은 순수한 땅콩 본연의 맛과 영양을 그대로 느낄 수 있어요. 건강한 식단을 지향하는 분들에게 안성맞춤이겠죠? 단백질과 불포화지방이 풍부해서 근육 유지나 에너지원으로 좋아서 운동 전후에 먹어도 딱이고 포만감이 오래 지속되어 다이어트 간식으로도 최고예요! 설탕이나 인공 감미료가 없어 혈당 조절이 필요한 분들도 안심하고 먹을 수 있고 일반 크리미한 땅콩버터보다 더 진한 고소함과 씹는 재미가 있습니다.

☘️ 장점
⭕ 다른 재료와 섞어 먹으면 더욱 맛있음
⭕ 식사 대용으로 활용 가능
⭕ 자연스러운 기름층 분리, 더 건강한 제품

단맛이 없는 100% 땅콩버터라 꿀, 시럽, 바나나와 함께 먹으면 더욱 맛있어요. 초콜릿, 카카오닙스, 견과류와도 조합하면 풍미가 배가 돼요~ 오트밀, 요거트, 토스트에 발라 먹으면 든든한 한 끼로 먹을 수도 있고 쉐이크, 스무디에 넣어도 영양과 맛을 업그레이드 가능합니다! 땅콩버터를 베이스로 한 드레싱이나 땅콩소스도 만들기가 엄청 쉽답니다. 그리고 첨가물이 없어서 기름층이 분리되는 것이 자연스러운 현상이라 사용 전에 숟가락이나 나무 주걱으로 골고루 저어주면 부드럽게 섞여요.

☘️ 총평
✏️ 100% 땅콩만 들어간 건강한 땅콩버터
✏️ 운동과 다이어트 간식으로 완벽한 영양 구성
✏️ 유리병 포장으로 신선하게 보관되고 친환경적

별점 : ⭐⭐⭐⭐⭐ (5/5)

❤️ 도움이 되셨다면 '도움이 돼요'를 눌러주세요 ❤️"
39,"푸드올로지 톡스올로지 클렌즈 48시간 클렌즈주스 1000ml 제품에 대한 솔직한 후기를 남깁니다.

이 클렌즈 주스를 선택하게 된 계기는 3일 뒤 있을 건강검진에서 좀더 건강한 몸으로 검사에 임하고 싶었고 1kg라도 감량을 하고 건강 검진을 하기 위해서입니다.
 48시간 동안 주스만 섭취해야 한다는 점이 처음에는 부담스러웠지만, 생각보다 맛있고 다양한 맛으로 구성되어 있어 질리지 않고 꾸준히 마실 수 있었습니다. 특히 인공적인 단맛이 아닌 과일 본연의 자연스러운 맛이 느껴져 좋았습니다.

클렌즈를 하는 동안 크게 배고픔을 느끼지는 못했고, 오히려 몸이 가벼워지고 붓기가 빠지는 느낌을 받았습니다. 48시간이 끝난 후에는 몸이 한결 개운해지고 피부도 맑아진 것을 경험했습니다.

저는 하루에 삶은 달걀 2개씩 이틀간 총 4개 먹었고, 1키로 감량했습니다. 그러나 클렌즈 기간 2일과 끝난 후 검진일까지 대변을 보지 못했습니다. 다 끝나고 변이 딱딱하고 변비가 왔어요~ 프룬주스인데 왜 변비가 온 것인지 미스테리합니다. 그래서 드라마틱한 효과는 못 본거 같아요. 2일을 밥을 안먹었으면 1키로는 당연히 빠지는 게 아닌가 싶습니다.

클렌즈 기간 동안에는 평소보다 기운이 없거나 두통이 있을 수 있으니, 중요한 약속이나 활동은 피하고 충분한 휴식을 취하는 것이 좋겠습니다. 
또한, 클렌즈 후에는 바로 일반식을 섭취하기보다는 보식 기간을 통해 서서히 위장을 적응시키는 것이 중요하다고 생각합니다.

전반적으로 푸드올로지 톡스올로지 클렌즈 48시간 클렌즈주스는 맛있게 몸을 비우고 싶은 분들에게 좋은 선택이 될 것 같습니다. 꾸준히 섭취하면 건강한 습관을 들이는 데에도 도움이 될 것 같아 만족스럽습니다."
40,"✔️✔️결과 (가장 중요 !!!★)
시작 55kg -> 보식까지 완료 후 53kg

✔️✔️느낀점
1. 제일 중요한 효과!는 단기간에 빼기 좋습니다. 무게가 많이 나가는 편이 아닌데도 기본 48시간 + 보식 2일 진행하면, 1-2키로는 빠져요.
2. 무엇보다, 배가 엄청 들어가서 끼던 바지도 잘 맞습니다.
3. 우선, 맛은 과채주스+오렌지주스 섞은 맛으로 사실 맛있어요…. 다이어트 음료인데, 이렇게 맛있어도 되나 싶을정도로 맛있습니다. 그래서 주기적으로 시도할 수 있는 것 같아요. 
4. 사실, 저는 급진급빠로 하고있는거때문에 폭식 이후 할리우드하면 확실히 폭식이 줄어들어요 !!!!!
5. 보식 이후, 꾸준하게 식단만 유지해준다면 3-4kg까지도 빼본적이 있어요.

✔️✔️총평
제 구매 총평은 급진급빠하시는 분들께 추천하는 제품이며, 저처럼 주기적으로 먹어도 괜찮은 제품입니다. 
확실히 이 제품을 먹고나면 한동안은 과식을 멈추게되더라구요-!
그리고, 타제품대비 질과 가성비가 좋아서 더욱 추천합니다. 
-----------------------------------------
♥ 제 리뷰가 조금이나마 고민하시는 부분에 도움이 되셨으면, ★도움이 돼요★ 클릭 부탁드립니다 ♥"
41,"★세줄요약☆

★ 상큼한 베르가못 성분이 함유된 건강 관리에 좋은 영양제!
☆ 하루 한 알 간편한 섭취로 꾸준히 복용하기 좋고, 부담 없는 사이즈.
★ 2개 세트 구성이라 가성비가 뛰어나고, 장기간 섭취하기 적합.

★총평☆
건강기능식품은 꾸준히 섭취하는 것이 중요한데, 이 제품은 상큼한 베르가못 성분이 함유되어 있어 기분 좋게 건강을 챙길 수 있는 제품이었어요. 알약 크기가 부담스럽지 않아 목 넘김이 편했고, 하루 한 알로 간편하게 섭취할 수 있어 더욱 만족스러웠습니다.

꾸준히 복용해 보니 부담 없이 섭취할 수 있는 성분으로 구성되어 있고, 식사 후 섭취하면 더욱 편하게 흡수되는 느낌이 들었어요. 특유의 향이나 거부감이 없어 누구나 편하게 복용할 수 있는 영양제였습니다.

45정씩 2개 세트 구성이라 한 번 구매하면 오랫동안 꾸준히 섭취할 수 있고, 가성비도 좋은 제품이었어요. 밀폐 용기가 단단하게 잘 제작되어 있어 보관도 편리하고, 위생적으로 사용할 수 있어 더욱 신뢰가 갔습니다.

또한, 운동이나 식단 조절과 함께 섭취하면 더욱 효과적으로 활용할 수 있고, 부담 없는 성분이라 꾸준한 건강 관리가 필요한 분들에게 추천할 만한 제품이었어요. 과하지 않은 자연스러운 성분으로 누구나 무리 없이 섭취 가능했습니다.

결론적으로, 간편한 섭취, 부담 없는 성분, 가성비 좋은 구성까지 만족스러운 영양제예요. 건강을 위해 꾸준히 복용할 영양제를 찾는다면 강력 추천합니다!

강츄합니다❤️❤️❤️"
42,"#제품제공
다이어트 중 떡볶이 생각날 때 딱인 메뉴인데 전자레인지로 딱 2분!!
간편하게 조리할 수 있는 매력까지!!
제가 지난 10년간 -20kg 감량하고 유지하며 먹었던 식단이예요. "
43,"#제품제공
떡 안 들어갔는데 떡볶이 맞나요?!
YES YES YES!!
먹어보면 저절로 고개가 끄덕여져
- 떡 대신 라이스페이퍼! 고칼로리 주범 떡 OUT!
- 감칠맛 폭발하는 저당 고추장으로 식단관리는 덤이야!
- 색도 예쁘고 맛있게 매운것도 최고!
- 단맛은 마이노멀 알룰로스로 가볍고 맛있게!
"
44,"#제품제공
김치볶은밥은 김치가 생명! 아시죠?ㅎㅎ
김치는 국내산 100% 재료로 만들어진 배추김치 사용했는데요~
겨울배추라서 달큰하고 시원한 맛이 일품입니다.
"
45,"#제품제공
딸램 키우는 집이라 계란, 우유만큼은 좋은거 먹이자는 주의인데 국가에서 인증받은 깨끗한 농장에서 농학박사님이 상주하시며 이름걸고 정성다해 키우는 닭들이 낳은 동물복지 유정란이예요!!
어찌나 꼼꼼하게 포장돼 오는지 택배로 받아도 안심이네요!
난각번호 2번이라 믿음이 가네요!!
눈에 좋은 메리골드가 함유된 사료를 먹는 닭들이라니!! 왠지 영양분이 풍부한 건강한 계란을 낳겠죠?
계란만 먹어도 넘넘 맛있었어요!!^^
건강하고 안전한 좋은 계란을 찾고 계신다면 이 제품을 검색해보세요!!
"
46,"#제품제공 #헬뷰단
촉촉 야들야들~~~먹을때마다 닭다린줄
딱 맛있게 매운맛이라 맵찔이 먹기에두 좋구 레드페퍼 뿌리면 딱 좋아여!!
자극적이지 않으며 양념이 너무 맛있어요!
부드러운 식감, 입에 촥 붙는 소스까지 맛집 
상콤달콤 레드다이어트루 마무리 해주면 딱!
에너지 충전 퐉~~~
"
47,"#제품제공
레시피는 레트로, 맛은 힙 그자체. 옆집 할머니의 한 수
옆집 할머니가 알려준 비법소스 전격 공개합니다.
"
48,"#제품제공
명란의 풍미는 그대로 살리면서 입안 가득 터지는 바다의 맛~
이건 간식이 아니라 프리미엄 요리입니다!

한 입 베어무는 순간, 눈 감고 음미하게 되는 맛. 명란 좋아하는 분들은 무조건 저장하세요❤️
"
49,"#제품제공
커피인데 그냥 커피가 아냐...!
두가지 원두 블렌딩 덕분에 향이 진~하고 풍미도 깊어서, 딱 내가 좋아하는 그 맛.
그냥 마셔도 맛있는데, 이게 체지방 & 식후 혈당 감소에 도움을 주는 성분까지 들어있다는 사실... 진짜 똑똑한 커피 아닌가요?!
게다가
- 무첨가물
- 저칼로리
- 스틱이라 휴대 간편
- 그리고 솔직히 패키지 디자인도 예뻐서 들고다니기 좋아
하루 한 잔, 건강하게 맛있게 챙기고 싶다면 이거 진심 추천해요."
50,"#제품제공
프리미엄 리얼초코와 통견과류의 조합으로 달콤하고 정말 고소해요.
찐 초코가 듬뿍 든 속세의 맛이라 너무 부드럽고 맛있지만, 성분은 착해요
매일 아침 공복에 먹어도 속이 편안하고, 든든하지만 칼로리는 낮아서 늦은 밤 간식으로 먹어도 부담이 없어요
낮은 칼로리로 높은 영양을 제공하고, 단백질을 간편하게 보충할 수 있어서 좋은 것 같아요
비건 간식을 선호하거나 매일 건강하고 맛있는 간식이 필요할 때, 그리고 체중관리가 필요할 때, 맛있게 식단하세요❤️"
51,"#제품제공
처음 나왔을때부터 모티브나 브랜드가 지향하는 방향이 너무 좋았는데 제품을 보내주셨어요~ 
거부감 없이 좋으니 필요하신분은 관심있게 보셔도 좋을거같아요^^
제가 협찬이나 제품제공은 정말 안받거든요~ 
진짜 좋은 제품! 우리 인친님들이 알고계시면 좋겠다.. 싶은 제품만 보여드려요~
나가서 먹는거보다 건강하고 푸짐하고 맛있거든요^^"
52,"#제품제공
저는 라떼보다 아메리카노를 찾게되는 이유 중 하나가 우유만 먹으면 배가 아파서이기도해요
그래서 더 반가웠던 제품❤️
신선한 1등급 원유로 만들어 부드러운 풍미를 느낄 수 있습니다
고소하고 진한 커피 맛에 적당한 달달함까지 딱이야
카페라떼, 바닐라라떼 2종으로 취향대로 골라먹어요"
53,"#제품제공
살 찌기전이나 소화안될 때 시작하는게 배부터 더부룩하고 배가 나오잖아요..
그래서 소개드릴 제품이 있는데 저도 첨 접하는데 요즘 인기가 많은 성분이라네요?!
우선 거부감 없는 파인애플 맛이예요!!
향도쎄지 않고 자극적이지 않아요!
식약처에서 인증되었구 검증된 프리미엄 원료다보니 와우~~
먹을때 한 포씩 물에 타 먹거나 그냥 가루채 흡입하거나 음식에 뿌려먹어도 되는 장점이 있어요!
고칼로리 음식 먹구 걱정마시구~!!
다같이 이 제품과 함께해요~❤️"
54,"특별한 계란말이를 만들고 싶다! 하면 이게 딱이에요
보내주신 신선한 계란으로 만들었는데 좋은 계란은 확실히 더 고소하고 맛있네요
동물복지, 무항생제 계란 농장으로 닭들이 자유롭게 뛰어놀 수 있는 크기를 자랑하며, 국가에서 인증받은 깨끗한 축산 농장에서 제공받았어요!
다양한 수상 이력만 봐도 얼마나 진심으로 농장을 운영하고  계시는지 느껴졌어요!
궁금하신 분들은 네이버에 이 제품을 검색해보세요 #제품제공"
55,"#제품제공
저는 매끼니 두유를 먹을 정도로 두유러버라 정말 다양한 두유를 많이 먹었는데 색감이 이렇게 이쁜 두유는 첨이에여^^
찰기장이 첨가되서 스프같은 느낌이 들 정도로 진하면서 부드럽구, 100% 강운도 양구콩의 꼬소함, 원물에서 오는 자연스런 단맛 와.....
두유의 본고장 홍콩에서 온 진짜 홍콩 가정식 두유
홍콩여성인 대표님이 홍콩 가정식 두유레시피를 연구하며 매일 가족에게 만들어주신 수많은 두유레시피 중 한국인의 입맛에 맞는 레시피를 골라 만든 브랜드라고 해요
탄단지 영양밸런스부터 한끼로 부족함 없는 포만감...!!
식단관리하며 부담없이 먹기에 너무 좋구, 골라먹는 재미가 느무 좋아여~~!!
무농약 국산콩의 껍질, 배아까지 통째로 갈아서 좋은 성분들을 온전히 담은 안전하구 영양가득한 이 제품 꼭 함 드셔보세요~~!!❤️"
56,"#제품제공
산뜻하게 먹고싶은 날! 욕망의 접시에 푸실리 샐러드랑 토마토에 해산물까지 듬뿍 담았어요! 발사믹 소스 뿌리고 마지막에 바질 오일 몇방울 흩뿌려주면 너무 맛있는 해산물 샐러드 파스타 완성이에요!
바질향에 코가 먼저 행복해지고 그 다음 입이 즐거워지는 환상의 맛이에요!

바질 '향' 아니고 진짜 '생바질'이 들어간 바질 오일이 있다고? 150년 넘게 프랑스에서 전통 방식으로 만든 장인 오일 브랜드에서 만든 오일은 가마솥에 볶고 손으로 짜고 천으로 걸러서 정성 한 스푼, 감성 한 스푼 제대로 담았어요!

샐러드나 파스타, 피자, 브루스케타에 한방울만 떨어뜨려도 그냥 프랑스 돼버림ㅎㅎ
게다가 신선함을 유지하려고 캔 패키지 쓴 센스까지!
바질오일 꼭 드셔보세요!"
57,"˚✧₊⁎한줄평 ⁎⁺˳✧
좋은 호박즙 찾고 계신분! 여깁니다!!!! ◕ ‿ ◕
⭕️추천해요
✅건강하고 믿을만한 호박즙 찾으시는 분!
♥️ 국산 유기농 호박 100% 
- 호박즙을 찾으시는 분들은 붓기, 건강 등 기능적인 목적이 많으실텐데요!  성분만 봤는데 이건 국산 유기농 호박 100%라서 선택했어요!
♥️ 과채주스
- 이런 즙을 고르실때는 ""과채주스""인지 무조건 확인해야해요! 액상차나 과채음료라고 되어있음 몇 %만 들어간 혼합된 거라서꼭 과채주스로 골라야 된대요! 이건 당연히 과채주스이고, 껍질째 갈아 만들었다니 좋네요ㅎㅎ
♥️ 저온 추출방식
- 영양소 파괴를 최소화한 저온 추출방식에 믿을 수 있는 6단게 안전 관리 시스템을 거친다니, 믿을만해서 구매했어요 :) 
♥️ 고소한 맛
- 성분만 보고 선택한거라 맛은 기대도 안 했는데 깔끔 고소한 맛이라 넘 맛있네요~! 특유의 쓴맛이 안 느껴져서 좋았어요!
차처럼 호로록 맛있게 한 포씩 잘 먹구 있네요ㅎㅎ
♥️ 파우치 포장 
 파우치인데도 이지컷이라서 뜯고 먹기 편해서 컵에 안 덜고 그냥 통째로 마셔요ㅋㅋㅋ! 보니까 4중 파우치 뭐시기로 햇빛 투과 차단이 된다니까 변형 걱정도 없네요. 이런 과채즙은 혹시라도 상하거나 맛이 변할까봐 걱정되는데 이건 걱정 없네요~! 
♥️ 포장 + 개인적인 추천! 
포장 패키지도 너무 예쁘고 깔끔해서 선물용으로도 좋고 먹을 때도 기분 좋아요ㅎㅎ 특히, 저는 올리0영에 갔을 때 낱개로 냉장고에 건강기능식품들을 팔잖아요?? 거기에 여기 호박즙이랑 팥차가 있더라구요. 대기업에서 선택하고 판매할만큼, 믿을만하고 많이 먹는 것 같아서 더 고민없이 골랐네요ㅎㅎ 
붓기에 호박즙이 좋다고는 하지만, 플라시보 효과라고도 하잖아요?? 저는 식단조절로 염분 조절하면서 운동하고 먹으면 시너지 효과는 있는 것 같아요. 꾸준히 먹는 게 중요한 것 같아요~ 안 마시는 것 보다는 훨씬 낫다 정도ㅎㅎ  

★彡제 리뷰를 보시고 선택에 도움이 되셨다면 ’도움이 돼요‘ 꾸욱 눌러주시면 감사하겠습니다★彡"
58,"<< 간단 종합 평 >>
잡내 없이 깔끔하고 쫀득한 식감에 고소한 풍미까지
가성비 좋고 간편하게 즐길 수 있는 프리미엄 통편육이었어요.

<<통편육 특징 >>
두툼한 수제 편육 스타일
HACCP 인증으로 안심
돼지머리고기+껍질 사용
적절한 간과 부드러운 식감
냉장 보관 가능
다양한 요리에 활용 가능

<<통편육 장점 >>
쫄깃한 식감과 부드러운 지방층의 조화
과하지 않은 간으로 질리지 않음
썰기만 하면 되는 간편함
잡내 없이 깔끔한 맛
김밥, 무침, 반찬 등 다양한 활용
냉장 보관으로 보관 용이

<<통편육 개인적인 제 생각 >>
이 제품은 진짜 한 번 먹어보면 왜 사람들이 찾는지 알 것
같은 프리미엄 편육이었어요.

먼저 냉장 상태에서 꺼내 썰었을 때 결이 잘 살아있고
지방과 살코기의 비율이 고르게 분포돼 있어서
씹는 맛이 쫀득쫀득하고 고소했어요.

전혀 잡내 없고 부드러워서
아이들도 거부감 없이 잘 먹었답니다.

보통 이런 제품은 짜거나 퍽퍽한 경우가 많은데
이건 간이 세지 않고 담백해서 계속 손이 가는 맛이었어요.
포장 겉면에 제조일자까지 적혀 있어서
최근 제조된 제품이라는 점도 믿음이 갔고요.

한 번 썰어놓으면 요리 초보라도
부담 없이 다양한 요리에 활용할 수 있어요.
특히 바쁜 아침에 도시락 반찬으로도
활용도가 정말 높을 것 같아요.

가격 대비 퀄리티가 좋아서
재구매 의사도 충분히 들었고요.
가끔 손님상 차릴 때 간단히 내놓아도 손색없을 정도의
비주얼과 맛이라 만족도가 높았어요.

식사 준비가 고민이신 주부님들께
진심으로 추천드릴 수 있는 제품인 것 같아요.

추천합니다."
59,"#제품제공이벤트
처음접해본 상품. 어떤앗일지 궁금했지만 크게 기대는 안했는데 먹어보구 맛있어서 깜놀.
요즘 한끼는 꼭 샐러드로 먹고있는데 잘어울리는 바질방울토마토청.
쫄깃쫄깃 방울토마토의 식감이 자꾸 먹고싶어지네요"
60,"#제품제공
체다치즈가 쏙쏙~~부드럽구 꼬소한
#치즈닭가슴살스테이크 에 샐러드랑 단호박으루
든든한 금욜아침😆👍

아침에 먹기에두 딱 좋은 부드럽구
담백한 맛에 완전 애용하구 있는 #치닭스 💛
꼬소한 치즈가 완전 킥!!
레드페퍼 토핑해서 매운맛 살짝 얹어주믄
진짜 쵝오🙈👏

✅100%국내산 닭가슴살
✅한팩에 단백질 22g
✅해동후 렌지 1분이면 완성!!

포만감 가득~~에너지 충전 퐉😍
오늘두 다들 힘나는 하루되셔요~~^^"
61,"#제품제공
약사님이 직접개발!!

저는 평소에 눈떨림으로 너무 고생중이였어요
그 눈떨림 굉장히 거슬리고 불편하신거 다들 한번쯤 겪어보셨죠?😭
오래 지속되면 스트레스로 이어지드라구요..
이 현상은 마그네슘이 부족해서 생기는거 다들 아시죠?
근데 이 마그네슘이 눈 떨림만 효과를 보는게 아니였더라구요!!!

손발저림과 다리 쥐 자주 나시는 분들도 마그네슘 부족이었더라구요..
▪︎원활한 신경 + 근육의 건강증진을 원하시는 분
▪︎불규칙한 생활, 식사, 다이어트등으로 건강관리가 필요하신
분
▪︎인스턴트, 가공식품, 육류섭취가 많으신 분
▪︎평소 운동을 즐기거나 에너지 사용량이 많으신 분
▪︎스트레스, 외부환경 등으로부터 ((신경 기능유지)) 건강에
관심 있으신 분

정말 좋은 점은 약사님직접 개발하셔서 믿고 먹을 수 있어요!
거기에 고함량인데도 임산부 분들 섭취 가능해요!
임산부 분들 다리 저리고 손발저림 많이 겪으시죠..
이 제품은 안심하고 드릴 수 있어요👍
1일1알로 물과 함께 간편히 섭취 가능하답니다!

눈떨림, 손발저림, 불면증 등 도움이 되는 제품과 함께해요~♡"
62,"영양소도 풍부하고 맛있구요~
요즘 우리집계란은 이 제품으로 먹고있는데요
노른자가 탱글탱글~
음식을해놓으면 어쩜 이렇게 색이 선명한지요~
그리고 고소한맛이 일품이네요~

매리골드가 함유된 특허받은 사료를 먹고 자란 닭이 산란한 계란이라 그런지 더 맛있어요~
매리골드를 좋아해서 차로도 마시곤했었는데 이렇게 닭이 먹고 자란다니 고급이네요~
매리골드의 루테인&지아잔틴의 함량이 케일의 6배! 브로콜리의 32배라고 하니 이 계란이 얼마나 건강한지 알겠더라구요!
✔️ 계란은 깐깐한 10가지 품질 검증 시스템을 통해생산되고 있어요~
👉👉산란> 선별 > 분류 > UV살균 > 검수 > 이상란 검출 > 파각기 투입 > 패키징 > 출고

수많은 수상이력이있고 농림축산식품부장관으로부터 깨끗한축산농장, 환경친화축산농장(전국 4번째로 지정) 등 인증받은 농원입니다.

#제품제공"
63,"#제품제공
간편하게 먹을 수 있는 칼국수 밀키트를 보내주셨어요

바지락과 오만둥이(미더덕류)가 들어있고 방부제 없는 자가제면에 자연재료로 낸 육수에 12시간 숙성 젓갈로 만든 겉절이와 무생채(매운맛🔥)
양이 상당히 낙낙~

이런 밀키트를 아니받을 수 없었지요😎

비가 보슬보슬 오는 우중충한 날 우리 첫째 학원가기전 둘이 앉이 후루룩 먹었더니 몸이 풀리는 느낌☺️🫶🏻"
64,"#제품제공
아기도 같이 마시기 좋은 단백질 음료 찾았어요💪🏻
⠀
요즘 남편도 저도 건강 챙기려고 단백질 신경 쓰고 있는데,
울 딸랑구까지도 마실 수 있는 순한 단백질 제품을 찾았어요!
⠀
🫶🏻 [뉴트리원라이프 퓨어 산양유 단백질 100%]
✔️ 네덜란드산 100% 순수 산양유 단백질🇳🇱
✔️ 무첨가, 무향료, 무설탕🐏
✔️ 하루 한 스푼으로 8g 단백질을 간편하게
⠀
소화도 잘 되는 산양유 단백질이라 그런지
고소하고 순해서 아침에 찬물이나 우유에 타주면
우리가족 모두 한 컵 뚝딱!🥛
⠀
건강하게 단백질 챙기고 싶다면,
가족 모두 안심하고 먹을 수 있는
퓨어 산양유 단백질 100% 추천해요!"
65,"#제품제공
⠀
커피없이 하루도 못버티는 사람들 모여라🙌
⠀
저는 육아하면서 더욱 더 커피없이 못사는 엄마가 되었는데요😊
간편하게 마시기에도, 선물하기에도 좋은 더치커피 추천해요-.ᐟ.ᐟ
⠀
가볍고 간편한 소포장으로 언제 어디서나 마시기에도 좋고 고급스러운 패키지로 선물하기에도 너무 좋다는 점❤️
⠀
스페셜티 등급의 고급 원두를 사용해 맛과 향도 빠지지 않는다구요⅏☕️
⠀
오늘 하루도 커피 한잔하며 기분좋게 육아팅하자구요❣️"
66,"#제품제공

카라멜의 깊고 진한풍미에 마카다미아의 꼬소함
이제까지 먹어본 마카다미아중에 꼬소함 1위!!👍

와……바삭바삭 씹을수록 진하게 올라오는 꼬소함에 카라멜의 달콤함이 마니 달지 않으면서 고급진 맛을  더해줘서 진짜 맛있어여🫢👏

달달하구 부드러운 바닐라 아이스크림에 넣기만 했는데 고급디저트로 변신🍨 저 식단 조절하느라 한입만 먹으려다 ㅋㅋㅋ 한그릇 먹었어여🙈🤣

✅유럽전통 카라멜라이즈 방식으로 제조
✅바삭한 질감에 카라멜의 깊은 풍미
✅고급 원료인 최상급 마카다미아 사용

포장두 간편해서 간식으로 휴대하면서 먹기에두 좋구, 지인들에게 선물해주면 너무 좋겠더라구요💗"
67,"#협찬 #제품제공 안녕하십니까옹~~^^♡♡
상큼 노랑 프티봉 레몬 애플사이다비니거! 🍋 💛 

와! 프티봉 제품들 하나씩 먹을 때마다 감탄하고 있는데.
진짜진짜로! 이 레몬애사비 최고예요.
제가 먹어본(마셔본) 애사비 중 젤로 맛있어요.
와... 유기농 프랑스산 사과식초에 유기농 레몬이라니!
고급진 유기농의 맛이라 더 맛나나용. ㅋㅋ

일단, 잡솨봐~~마셔봐 얘기가 절로 나온대니까요.
애사비 안좋아하는 분들도 이건 잘 마실 수 있을거 같아요.
그리고! 두둥!
레몬 애사비는 물에 그냥 타마시는 것도 맛있지만,
요리에 활용하기에도 딱이에요.
레몬이나 식초요리에 요 레몬애사비 활용하기 넘 좋은거 같아요.

프티봉 레몬은 프랑스 유기농 사과식초에 레몬맛추가!
부드러운 산미와 깨끗한 성분, 첨가물, 대체당 없는 건강한 제품이에요.
휴대가 간편한 스틱형이라 더 좋구요. 저 절취선도 EASY CUT이라 잘 잘려요.

프티봉 제품은 매번 감탄하지만, 일단 지금까지
제 맘속 1등은 요 레몬 애사비랍니다.
애사비드시는 분들은...이거 꼭 드셔보심 좋겠어요.
일단 오늘의 호들갑은 요기까지. ㅋㅋㅋ
상큼한 시간 함께해요오!"
68,"#제품제공 #붓기관리
이온 클렌즈 워터로 매일 몸을 가볍게 시작해요 👍💜

♟ 자고일어나면 매일 아침 퉁퉁 붓고 몸이 무겁다⁉️🌟
맵고 짜게 먹는 자극적인 식습관 때문인가 싶어서 이젠 조심해서 관리도 해보려고 신제품으로 출시된❗️ 클린티 1포씩 챙겨먹어요 🌝

🏷 상큼한 레몬 맛으로 맛도 좋아요 🙊

➰️ 칼륨 함유로 나트륨 배출을 도와줘서 좋아요⭐️
➰️ 단백질의 소화를 도와 체내 불순물 분해에 도움을 주는
식물성 소화제인 브로멜라인이 함유되어 있어요 ⭕️
➰️ 올리브잎추출물, 용성비타민P, 필발추출물 등 함유

✴️ '지금 바로 아모레몰에서 만나보세요!' ✔️ 🧡

📌 1일 1회, 1포를 물 300ml ~ 500ml에 타서 섭취


✅️ 순구매 고객수 310만 명, 누적 판매 1500만 개,
누적 후기 5만 건
✅️ 브랜드 내 재 구매율 1위! 올리브영 베스트셀러!
✅️ 한 번만 먹어본 사람은 없는 찐팬을 보유한 아이템
✅️ 연구부터 제조, 생산, 판매까지 아모레퍼시픽에서
관리해 믿을 수 있는 품질 & 전 제품 비건 인증 획득

⚫️ 전성분 표시되어 안심사용 가능 ✔

🌸 아침 공복에 마시거나 간식 대용이나 식사하면서
음료처럼 가볍게 곁들여 마셔도 너무 좋아요"
69,"#제품제공
제가 샐러드 좋아하는 건 아시는 분들은 다 아시죠
샐러드는 좋아하는데...
항상 똑같은 맛에 똑같은 소스다 보니 약간은 질리기도 하잖아요.
이럴 때 다양한 샐러드가 딱 보이더라고요 🥗

샐러드 종류도 엄청 많아서 골라 먹는 재미가 쏠쏠해서 좋았어요

제가 선택한 샐러드은 포켓샐러드에서 새롭게 선보이는 7가지

🥗테이스티 샐러드 7종
복합적인 맛과 풍미를 더했고 새로운 패키지에 담긴 색다르고 다양한 샐러드로 우리 가족들이 정말 맛나게 잘 먹었어요

하나같이 맛있지 않는 샐러드가 없네요.
🥬 혹 저처럼 샐러드 좋아하시는 분
🍅 건강식을 생각하시는 분
🥑 식단 관리를 생각하는 분

이제 다채로운 토핑으로 매일 특별한 샐러드 식단을
만나보세요."
70,"#제품제공
입터지기전에 건강하게 속세맛 느껴버려 🤤🪽🪽🪽

🍽️ 파닭전
- 원랜 닭다리살로 해야 부드럽지만 우유에 재운 닭가슴살은 크게 뻑뻑하지않아 너무 맛있게 먹었어요 🤤

🍽️ 닭가슴살 꿔바로우
- 올품닭 닭가슴살은 10~15g씩 소분되어 있어서 일일이 자르지 않아도 되는 장점이 🙊🙌🏻"
71,"#제품제공 
채끝스테이크 , 감바스 , 파스타 🤍
⠀
한우 이벤트 당첨으로 받은 채끝살 (구이용) ➰✨
때깔 좋은 채끝살 !! 여러 가지 요리 동시에 하면 안되는데 ,, 고기 굽기 살짝 망했다 🥲 생각보다 양도 많아서 두덩이는 오빠에게 토스 ㅎㅎ 역시 좋은 고기라 그런지 못 구워도 질기지도 않고 풍부한 육즙과 씹을수록 고소한 풍미가 쏴악 ,,🤍 기름장에 콕 찍어만 먹어도 미친맛 !!! 유기농 한우라 역시 다르다 달라 ~ 너무 마시쏘 (๑>ᴗ<๑)
⠀
- 국내 유일 유기축산물 인증 18년 연속 획득 !!
- 청정지역 지리산 자락 넓은 축사에서 스트레스 없이 천연 유기농 사료를 먹고 자란 국내 0.1% 유기농 한우
- 무항생제 , 무호르몬제 , 무성장촉진제 NON-GMO
⠀
건강하고 맛있는 유기농한우로 제대로 즐겨보세요 🐂🤍"
72,"#제품제공 #헬뷰단

날이 더워지니까 몸이 천근만근
식단챙기기두 일인데ㅠㅜ
냉동실에 아껴둔 볶음밥이랑 핫도그 소환했지유😆🙌

부드러운 커리향에 게살이 부드럽게
씹히는데 야채랑 닭가슴살두 가득 들어서
식감두 좋구, 밥은 왜이리 촉촉한지🤩👏

✅100%국산쌀에 곤약, 현미가 들어가
칼로리는⬇️ 포만감 ⬆️
✅아낌없이 들어간 닭가슴살
✅한팩에 단백질 20g !!!

역시 성분 맛집
냉동상태 그대로 렌지에 3분 30초면 완성이라니ㅎㅎㅎ

꼬소한 치즈 쭈욱~~~현미핫도그~~~^^
한입먹구 완전 맛있어서 깜놀🙈✨
현미랑 찰보리 파우더의 담백 쫄깃한 빵에
불갈비향 소시지가 완전 식감대박ㅎㅎ
자제할려구 했는데ㅋㅋㅋ두개 먹은건 안비밀😂😂
렌지에 1분, 에프에 5분이면 완성

맛두 성분두 다잡았는데 포만감까지👍👍"
73,"#제품제공
#차한잔의 여유

🫖차한잔의 여유가 필요한 요즘이였어요.
🍓🍋달콤 상콤한 과일의 맛을 깔끔하게 담은 순작 과일 허브티로 차한잔의 여유를.
패키지부터 이쁨이쁨 5가지 콜드브루 과일허브티와 이쁜 티팟모양의 도자기 티백트레이가 구성품에 들어 있었어요.
휴식을 선물받은 느낌 넘 좋더라구요🥰

건조된 스테비아 잎이 들어있어 인위적하지 않고 달콤상콤한 과일과 아로마 허브 블렌딩으로 과일허브의 풍부한 맛이 느껴져요🍊🍋🍑🍎
💘색감도 이쁜 과일 블렌딩티 자연스럽고 은은한 단맛과 과일향이 입안에 퍼지는 순간 기분까지 업 힐링이네요💗

찬물에도 잘 우러나는 콜드브루 티백🤍
100% 천연펄프에 실로 꿰어만든 티백을 사용해 안전하게!! 찬물에도 빠르게 우러나 과일과 허브의 맛을 그대로 차갑게도, 따뜻하게 마시기도 좋아요.👌

제가 마셔보니 순작허브티는 몇 번을 우려내도 깊은 맛이 지속되더라고요.
우려낸 티백은 트레이에 올려둘수있어 넘넘 좋네요💛

다양한 과일이나 쿠키,견과, 빵같은 디저트와도 정말 잘 어울려요.🤞🫰

카페인이 없는 허브와 과일로 만들어 낮과 밤 어느때라도 마시기 좋으니 당함량 높은 음료말고 건강한 차 마셔보세요.😋

가볍고 맛있게 즐길 수 있는 제로칼로리 & 디카페인 티 찾고 계신다면 순작 콜드브루 과일허브티 추천드려볼게요💁‍♀️"
74,"#제품제공
리얼카카오버터의 깊고 진한 초코맛을 두툼하게 샌딩한 저의 힐링템✨🫶🏻

바사삭 담백~~깔끔한 최고급 프랑스산버터의 풍미가 느껴지는 쿠키지에 10cm두께의 초코필링이..!!!🫢🫢🫢🍫
많이 달지 않으면서 고급진 맛이 와…🫶🏻
샌딩쿠키 워낙 좋아해서 다양하게 먹어봤는데 버터풍미가 젤 중요한데ㅎㅎ
요거 진짜 쿠키지 식감부터 깔끔한 풍미가 정말 대박👏👏
✅HACCP 인증시설 제조
✅리얼카카오버터 사용
✅두툼하지만 부드럽게 먹을수 있도록 새로운 공법 적용~~!!

초코,티라미수,딸기샌딩 3가지맛이에요 아~~티라미수두 너무 기대돼여😍

포장두 깔끔하구 탄탄하면서 10개입,5개입 두가지구성이 있어서 선물하기에 정말 딱🙌❤️

간식으로, 선물용으루💗
홈카페에 간편하게 고급진 디저트로 꼭 드셔보세요~~!!"
75,"#협찬 #제품제공 안녕하십니까옹~~^^♡♡
요즘 생즙연구소의 착즙주스로 매일의 건강챙기고 있는데요.

그 중에서도 제주구좌당근! 요 당근주스가 젤로 맛있어요. 🥕 🥕
제주 구좌당근은 워낙 유명하잖아요.
수확은 이미 끝났지만 생즙연구소에서는 이미!
제주구좌당근을 충분히 확보하여 착즙 후 급냉해 출고하고 있어 일년 내 싱싱한 구좌당근주스를 맛볼 수 있답니다.

당근 건강에 좋은거야 말해모해요.
베타카로틴에 비타민, 엽산, 아연, 철분까지 풍부해서 눈 건강에도 좋고 피부에도 그렇게 좋대니까요.
저는 그냥 먹는 거로는 사실...당근의 맛을 좋아하지않아서 많이 못 챙겨먹는데. 이렇게 착즙주스로 즐길 수 있으니 딱 좋네요.

거기에 맛까지 조으니 안 먹을 이유가 없쟈나요오옷!헤헤
오늘도 덕분에 건강하고 맛나게 즐겼답니다!
싱싱하고 맛난 생즙연구소 제주당근주스 드셔들 보시어요!

*제품을 제공갇아 작성한 솔직한 후기입니다.*"
76,"#제품제공

한 팩에 한 끼 샐러드가 쏙- 들어있어
바쁜 아침이나 점심, 간편하게 꺼내 먹기 딱 좋은 포켓 샐러드🥗

냉장고에 쟁여두고 출근 준비하면서 고민 없이 하나씩 챙기면 끝!
신선함은 물론 메뉴도 정말 다양해서 질리지도 않고, 드레싱까지 함께 들어있어 더 편리하더라구요

바쁜 직장인들의 건강 루틴, 포켓샐러드로 시작해보세요 🙌"
77,"#제품제공

채식주의자라고 생각하는 인친들이 많은데 고기 먹어요!!! 가끔, 좋은 고기를 먹으려고 합니다. 
그래서 풀풀풀밥상 먹다가 지난 토요일 산청유기농한우 등심스테이크 구웠어요. 1++ 투뿔 등심 500g 스테이크용이에요. 
집에서 스테이크 얼마만이냐며… 가니쉬로 아스파라거스, 자색당근, 연근, 토마토 굽고, 친구가 맛보라고 나눠준 완두콩 으로 스프 끓이고 #참외미나리샐러드 해서 맛있고 든든하게!

무튼 고기는 맛있고 건강한 거 먹어야해요. 산청유기농한우 먹어본 사람이라면 맛있는거 다아는데!!!! 어제 먹어본 언니랑 극찬했어요. 다만 가격이 조금 나가는 편이라서… 망설여질때가 있죠. 그럴땐, 할인기간을 노리면 됩니다😎 놓치지 마세요"
78,"#제품제공 
매콤양배추새우볶음 🤍
⠀
핫탭 저당고추장으로 건강도 맛도 챙기는 냠냠 밥상 ➰𓌉◯𓇋✨
저당이라 맛이 다를까 걱정했는데 제주 마늘이 들어가 감칠맛과 풍미가 아주 굿 👍 고추장 맛은 그대로 당 걱정 없어 최고‼️
⠀
- 매콤양배추새우볶음
양배추새우볶음 너무 맛있어서 이번엔 매콤버전으로 만들어봤다 ! (오빠 없을때 먹을 수 있는 다요뜨 식단ㅋㅋ) 다요뜨할때 빨간 양념 살짝 부담되는데 저당 고추장이 들어가 칼로리 낮춰서 맘 편히 냠냠 할수있어 !! 덮밥으로 먹어도 꿀맛 반찬으로 먹어도 넘 꿀맛 ~🤍 다이어트 중 매콤한게 땡길때 추천 !!
⠀

▪️저당고추장핫탭
설탕 대신 알룰로스가 들어가 당과 칼로리를 낮추고 국내산 밀 발효물이랑 고춧가루를 사용하여 성분도 좋아 !! 제주 마늘이 함유되어 감칠맛 UP ! 깊은 전통 고추장 맛이 잘 느껴짐 ! 물이나 다른 재료에도 잘 섞이고 튜브 형태라 너무 편하고 좋아 여행 갈 때나 캠핑 갈 때 필수템으로 추천 🌶️"
79,"#제품제공

요즘 제 아침 루틴에 빠질 수 없는 게 생겼어요. 바로 피넛버터!🥜🥜

피넛버터 요즘 맛도 다양하게 잘 나와서 실험삼아 이곳저곳 사먹어보는 재미에 빠졌는데🤤 요기 피피넛 피넛버터도 너무 괜찮더라구요!

100% 국내산 땅콩으로 고소하고 부드러운 맛이 특징이라 빵에 과일과 조합해서 발라먹기도 좋고 또 말해뭐해 그릭요거트와도 아주 찰떡이었어요😋

그리고 볼때마다 기분이 좋은 예쁜 패키지로 선물하기도 너무 좋을 것 같아요💫

🥜피피넛 피넛버터 클래식✔️NO 설탕, 화학첨가물, 팜유는 기본
✔️100% 국내산 프리미엄 땅콩
✔️세계 최초 ‘콜드 그라인딩’ 공법으로 땅콩의 맛과 영양소를 더 풍부하게 보존!"
80,"#광고
설탕 대신 알룰로스를 사용하여 당류를 -85% 절감하였구 신선한 바람맞으며 자란 제주마늘🧄 함류로 감칠맛이 배는 더해지는 아주 맛있는 고추장이였는데요ㅠㅠ 국내산 재료로 칼로리도 줄이고 간편하게 짜먹는 형식이라 더 좋았던거 같아요!!
저는 오이 상추 참치 계란 비빔밥 먹었는데
(저당고추장 2 간장 1 참기름 1 통깨 듬쀽) 하니 다이어트식 아니고 걍 매일 먹어도 되는 맛❤️"
81,"#제품제공협찬

하림 IFF 한입 쏙 닭안심 불고기맛 굽굽 콩나물밥 하고 버터 한조각 매콤한 양념장 만들어 덮밥으로 먹었어요

달콤짭짤한 불고기맛 닭안심이랑 아삭아삭한 콩나물과 고소한 버터가 너무 잘 어울려 너무 맛있더라구요

너무 맛있어서 가족들이랑 한그릇씩 뚝딱했어요
❇️하림 IFF 한입쏙 닭안심은요~~~

✔️부드럽고 담백한 닭안심 부위를한입 크기로 개별 급속 동결해 신선하고 촉촉한 식감

✔️국내산 100% 무항생제 인증을 받은 건강한 닭고기를 사용

✔️영하 35도 이하 개별 급속 동결로 더 신선하게

✔️프라이팬이나 에프로 간편 조리

닭안심이 얼마나 신선하고 맛있는지 몰라요
담백하고 부드러워요

오늘 먹은 불고기맛 닭안심 달콤짭짤해서 밥반찬으로 샌드위치속 패티로도 제격이에요"
82,"#제품제공협찬

빨강웰빙호두를 보내주셨어요😀

맛있고 질좋은 호두선물받았으니 맛있는 간식 만들어봐야죠!!
바삭함과 달콤함이 매력적인 호두정과 만들어봤어요. 온가족 오독오독 소리 가득한 주말저녁이었네요 👍

▪️미국 캘리포니아 호두농가인 CRAIN에서
재배,수확,탈각,포장까지 마친 엄선된 웰빙호두입니다.
▪️캘리포니아 높은 일조량과 비옥한 자연환경에서 재배하며
위생적인 방법으로 취급 및 공급합니다.
▪️단일농장에서 수확된 호두는 언제,어느 농장구역의
수확물인지 투명하게 추적이 가능하여 믿을 수 있습니다.
▪️너츠빌에서 고집하는 챈들러 품종은 가장 고가로 타업체와
달리 다른 저렴한 품종과 섞지 않으며 일정한 맛과 쓴맛이
적고 고소하여 선호도가 가장 높은 품종입니다.
▪️맛과 신선함은 기본! 호두 표지에 실명제를 사용하여
자신감까지 모두 담아냈습니다."
83,"#제품제공협찬
델리스 램노스 화이트 치즈로 브런치 만들어 먹었어요
쌀 또띠아에 소스 바르고 양송이 버섯 양파 볶고 토마토 블랙올리브 모짜치즈 램노스 화이트치즈 올리고 오븐에 구웠는데 짭조름한 치즈가 중화되어 너무 맛있더라구요
그리고 집에 있는 각종 야채로 지중해식 샐러드도 만들어 함께 먹었어요
올리브유 레몬즙 소금 후추 발사믹식초 뿌리릭~~
간단하면서도 가볍고 맛있었어요
함께 보내주신 주스 세가지도 새콤하니 맛있더라구요
화이트 치즈 짭쪼롬해서 요리하기전에 물이나 우유에 담가 놨다가 짠기 빼고 사용해도 담백하고 맛있답니다
🧀램노스 화이트 치⬇️

✔️짭짤함과 톡 쏘는 감칠맛이 일품인 그리스식 화이트 치즈

✔️진한 우유의 풍미와 톡톡 터지는 식감

✔️치즈 특유의 향과 맛이 강한 치즈로 침샘을 자극해 입맛을 돋구워주는 식전치즈

✔️청정지역 호주에서 자유롭게 방목하여 자란 젖소의 신선한 우유로 만들어졌어요"
84,"#제품제공협찬
페이장브레통 브리치즈로 브리치즈간장 계란밥을 만들어 먹었어요
브리치즈는 구워먹거나 파스타에만 만들어 먹다가 이렇게 간장 계란밥이 잘 어울려나 했는데 맛있네요
저는 양송이버섯 굽고 마늘쫑 송송 썰어 살짝 볶아 밥이랑 섞고 올려줬어요 브리치즈는 밥이랑 계후 뜨거울때 비벼야 부드럽고 잘 비벼져요
그리고 일본간장 둘러서 비벼먹었어요
진짜 JMT!😋
고급진 페이장브레통의 브리치즈는 125g의 쁘띠한 사이즈로 한번에 즐기기 좋고 짠맛을 순화하여 누구나 쉽게 즐기기 좋으며 버터리한 맛이 특징인 제품으로 양식뿐만 아니라 한식에도 함께 하기 좋은 걸 지금까지 몰랐네요

저는 혹시 짤가봐 조금 올렸는데 먹으면서 더 추가해서 먹었어요
느끼하지않고 담백하고 고소하니 풍미가 가득 넘 맛있어요

브리치즈는 미리 내놧다가 말랑해지면 해도 좋고 렌지에 40초 정도 데워서 올려주면 좋아요

그리고 브리치즈간장밥 먹고 빵구워 브리치즈 올리고 꿀뿌리고 견과류 가득~~
디저트로 먹었어요"